-- ---------
-- TIME-LOST
-- ---------
-- Add flying animation to `creature_template_addon`
-- select * from creature_template_addon WHERE entry IN (32491);
DELETE FROM creature_template_addon WHERE entry IN (32491);
INSERT INTO creature_template_addon (entry, bytes1) VALUES (32491, 50331648);
-- 1 point
DELETE FROM creature WHERE guid = 320400 AND id = 32491;
INSERT INTO creature (guid,id,map,spawnMask,phaseMask,modelid,equipment_id,position_x,position_y,position_z,orientation,spawntimesecs,spawndist,currentwaypoint,curhealth,curmana,DeathState,MovementType) VALUES
(320400, 32491, 571, 1, 1, 0, 0, 6730.56, -9.47752, 858.473, 4.23808, 21600, 5, 0, 18900, 0, 0, 2);
-- Orange route
DELETE FROM creature_movement WHERE id = 320400;
INSERT INTO creature_movement (id,POINT,position_x,position_y,position_z,waittime,script_id,textid1,textid2,textid3,textid4,textid5,emote,spell,wpguid,orientation,model1,model2) VALUES
(320400, 1, 6740.77, -12.8514, 891.656, 0, 0, 0, 0, 0, 0, 0, 0, 0, 0, 2.69007, 0, 0),
(320400, 2, 6787.13, -72.8198, 889.882, 0, 0, 0, 0, 0, 0, 0, 0, 0, 0, 2.19525, 0, 0),
(320400, 3, 6867.26, -112.6, 847.751, 0, 0, 0, 0, 0, 0, 0, 0, 0, 0, 2.90996, 0, 0),
(320400, 4, 6915.77, -143.158, 797.585, 0, 0, 0, 0, 0, 0, 0, 0, 0, 0, 2.51725, 0, 0),
(320400, 5, 6981.25, -186.863, 794.257, 0, 0, 0, 0, 0, 0, 0, 0, 0, 0, 2.52117, 0, 0),
(320400, 6, 7019.09, -221.237, 808.454, 0, 0, 0, 0, 0, 0, 0, 0, 0, 0, 2.54237, 0, 0),
(320400, 7, 7071.68, -271.314, 834.868, 0, 0, 0, 0, 0, 0, 0, 0, 0, 0, 2.01222, 0, 0),
(320400, 8, 7086.45, -354.379, 844.9, 0, 0, 0, 0, 0, 0, 0, 0, 0, 0, 1.58812, 0, 0),
(320400, 9, 7071.38, -428.176, 834.976, 0, 0, 0, 0, 0, 0, 0, 0, 0, 0, 1.37999, 0, 0),
(320400, 10, 7066.09, -513.489, 820.056, 0, 0, 0, 0, 0, 0, 0, 0, 0, 0, 1.57241, 0, 0),
(320400, 11, 7067.5, -568.337, 795.969, 0, 0, 0, 0, 0, 0, 0, 0, 0, 0, 1.67843, 0, 0),
(320400, 12, 7055.35, -636.828, 810.882, 0, 0, 0, 0, 0, 0, 0, 0, 0, 0, 1.47031, 0, 0),
(320400, 13, 7058.33, -695.683, 785.482, 0, 0, 0, 0, 0, 0, 0, 0, 0, 0, 1.59205, 0, 0),
(320400, 14, 7043.85, -710.588, 778.019, 0, 0, 0, 0, 0, 0, 0, 0, 0, 0, 0.99908, 0, 0),
(320400, 15, 6974.9, -766.333, 781.233, 0, 0, 0, 0, 0, 0, 0, 0, 0, 0, 0.794877, 0, 0),
(320400, 16, 6895.57, -779.442, 782.819, 0, 0, 0, 0, 0, 0, 0, 0, 0, 0, 0.001624, 0, 0),
(320400, 17, 6821.12, -779.218, 787.887, 0, 0, 0, 0, 0, 0, 0, 0, 0, 0, 0.107653, 0, 0),
(320400, 18, 6736.96, -791.609, 772.622, 0, 0, 0, 0, 0, 0, 0, 0, 0, 0, 0.374688, 0, 0),
(320400, 19, 6676.21, -770.049, 818.515, 0, 0, 0, 0, 0, 0, 0, 0, 0, 0, 6.13166, 0, 0),
(320400, 20, 6621.05, -729.8, 801.8, 0, 0, 0, 0, 0, 0, 0, 0, 0, 0, 5.6722, 0, 0),
(320400, 21, 6550.33, -676.154, 871.641, 0, 0, 0, 0, 0, 0, 0, 0, 0, 0, 5.46014, 0, 0),
(320400, 22, 6532.27, -601.894, 905.349, 0, 0, 0, 0, 0, 0, 0, 0, 0, 0, 4.94964, 0, 0),
(320400, 23, 6515.84, -513.599, 947.935, 0, 0, 0, 0, 0, 0, 0, 0, 0, 0, 4.69831, 0, 0),
(320400, 24, 6492.89, -455.282, 920.786, 0, 0, 0, 0, 0, 0, 0, 0, 0, 0, 4.91429, 0, 0),
(320400, 25, 6505.2, -365.81, 905.105, 0, 0, 0, 0, 0, 0, 0, 0, 0, 0, 4.74936, 0, 0),
(320400, 26, 6522.79, -287.625, 936.724, 0, 0, 0, 0, 0, 0, 0, 0, 0, 0, 4.4784, 0, 0),
(320400, 27, 6545.9, -221.039, 927.396, 0, 0, 0, 0, 0, 0, 0, 0, 0, 0, 4.4509, 0, 0),
(320400, 28, 6550.96, -158.206, 935.631, 0, 0, 0, 0, 0, 0, 0, 0, 0, 0, 4.43126, 0, 0),
(320400, 29, 6594.05, -100.584, 980.107, 0, 0, 0, 0, 0, 0, 0, 0, 0, 0, 3.92861, 0, 0),
(320400, 30, 6683.98, -80.0578, 1000.16, 0, 0, 0, 0, 0, 0, 0, 0, 0, 0, 3.66157, 0, 0);
-- 2 point
DELETE FROM creature WHERE guid = 320401 AND id = 32491;
INSERT INTO creature (guid,id,map,spawnMask,phaseMask,modelid,equipment_id,position_x,position_y,position_z,orientation,spawntimesecs,spawndist,currentwaypoint,curhealth,curmana,DeathState,MovementType) VALUES
(320401, 32491, 571, 1, 1, 0, 0, 6139.3, -1081.42, 575.809, 0.758751, 21600, 5, 0, 18900, 0, 0, 2);
-- Yellow route
DELETE FROM creature_movement WHERE id=320401;
INSERT INTO creature_movement (id,POINT,position_x,position_y,position_z,waittime,script_id,textid1,textid2,textid3,textid4,textid5,emote,spell,wpguid,orientation,model1,model2) VALUES
(320401, 1, 6191.99, -1032.15, 581.038, 0, 0, 0, 0, 0, 0, 0, 0, 0, 0, 0.750899, 0, 0),
(320401, 2, 6265.86, -1008.31, 599.102, 0, 0, 0, 0, 0, 0, 0, 0, 0, 0, 0.24039, 0, 0),
(320401, 3, 6316.06, -1002.52, 626.248, 0, 0, 0, 0, 0, 0, 0, 0, 0, 0, 0.173631, 0, 0),
(320401, 4, 6381.3, -1000.06, 663.556, 0, 0, 0, 0, 0, 0, 0, 0, 0, 0, 0.087237, 0, 0),
(320401, 5, 6449.45, -1009.37, 714.011, 0, 0, 0, 0, 0, 0, 0, 0, 0, 0, 6.11124, 0, 0),
(320401, 6, 6522.47, -1010.99, 764.45, 0, 0, 0, 0, 0, 0, 0, 0, 0, 0, 6.24083, 0, 0),
(320401, 7, 6587.48, -1010.83, 805.57, 0, 0, 0, 0, 0, 0, 0, 0, 0, 0, 0.04404, 0, 0),
(320401, 8, 6655.86, -1016.99, 843.44, 0, 0, 0, 0, 0, 0, 0, 0, 0, 0, 6.24476, 0, 0),
(320401, 9, 6736.51, -1025.31, 880.946, 0, 0, 0, 0, 0, 0, 0, 0, 0, 0, 6.1623, 0, 0),
(320401, 10, 6801.57, -1031.99, 910.934, 0, 0, 0, 0, 0, 0, 0, 0, 0, 0, 6.20157, 0, 0),
(320401, 11, 6885.3, -1039.89, 965.26, 0, 0, 0, 0, 0, 0, 0, 0, 0, 0, 6.2055, 0, 0),
(320401, 12, 6941.5, -1047.55, 991.398, 0, 0, 0, 0, 0, 0, 0, 0, 0, 0, 0.012632, 0, 0),
(320401, 13, 7029.17, -1053.58, 1033.86, 0, 0, 0, 0, 0, 0, 0, 0, 0, 0, 6.11911, 0, 0),
(320401, 14, 7086.39, -1075.33, 1075.72, 0, 0, 0, 0, 0, 0, 0, 0, 0, 0, 5.94632, 0, 0),
(320401, 15, 7103.35, -1061.18, 1013.84, 0, 0, 0, 0, 0, 0, 0, 0, 0, 0, 5.69499, 0, 0),
(320401, 16, 7160.69, -1113.85, 1061.8, 0, 0, 0, 0, 0, 0, 0, 0, 0, 0, 5.41618, 0, 0),
(320401, 17, 7183.53, -1187.43, 1105.65, 0, 0, 0, 0, 0, 0, 0, 0, 0, 0, 4.98422, 0, 0),
(320401, 18, 7161.67, -1255.21, 1124.71, 0, 0, 0, 0, 0, 0, 0, 0, 0, 0, 4.3991, 0, 0),
(320401, 19, 7110.71, -1299.74, 1133.78, 0, 0, 0, 0, 0, 0, 0, 0, 0, 0, 3.78649, 0, 0),
(320401, 20, 7043.14, -1319.26, 1138.06, 0, 0, 0, 0, 0, 0, 0, 0, 0, 0, 3.32703, 0, 0),
(320401, 21, 6967.65, -1290.61, 1134.45, 0, 0, 0, 0, 0, 0, 0, 0, 0, 0, 2.58876, 0, 0),
(320401, 22, 6938.16, -1315.75, 1110.17, 0, 0, 0, 0, 0, 0, 0, 0, 0, 0, 4.37555, 0, 0),
(320401, 23, 6893.38, -1374.53, 1093.61, 0, 0, 0, 0, 0, 0, 0, 0, 0, 0, 3.96714, 0, 0),
(320401, 24, 6832.37, -1398.55, 1067.39, 0, 0, 0, 0, 0, 0, 0, 0, 0, 0, 3.30348, 0, 0),
(320401, 25, 6777.33, -1406.13, 1044.2, 0, 0, 0, 0, 0, 0, 0, 0, 0, 0, 3.34668, 0, 0),
(320401, 26, 6734.38, -1401.01, 1026.47, 0, 0, 0, 0, 0, 0, 0, 0, 0, 0, 2.93435, 0, 0),
(320401, 27, 6683.32, -1381.73, 978.631, 0, 0, 0, 0, 0, 0, 0, 0, 0, 0, 2.64767, 0, 0),
(320401, 28, 6645.22, -1358.78, 944.035, 0, 0, 0, 0, 0, 0, 0, 0, 0, 0, 2.63589, 0, 0),
(320401, 29, 6611.86, -1338.52, 907.478, 0, 0, 0, 0, 0, 0, 0, 0, 0, 0, 2.59662, 0, 0),
(320401, 30, 6565.35, -1310.74, 855.012, 0, 0, 0, 0, 0, 0, 0, 0, 0, 0, 2.61233, 0, 0),
(320401, 31, 6524.87, -1285.36, 811.952, 0, 0, 0, 0, 0, 0, 0, 0, 0, 0, 2.55735, 0, 0);
-- 3 point
DELETE FROM creature WHERE guid = 320402 AND id = 32491;
INSERT INTO creature (guid,id,map,spawnMask,phaseMask,modelid,equipment_id,position_x,position_y,position_z,orientation,spawntimesecs,spawndist,currentwaypoint,curhealth,curmana,DeathState,MovementType) VALUES
(320402, 32491, 571, 1, 1, 0, 0, 8715.99, -1845.23, 833.745, 1.98746, 21600, 5, 0, 18900, 0, 0, 2);
-- Red route
DELETE FROM creature_movement WHERE id=320402;
INSERT INTO creature_movement (id,POINT,position_x,position_y,position_z,waittime,script_id,textid1,textid2,textid3,textid4,textid5,emote,spell,wpguid,orientation,model1,model2) VALUES
(320402, 1, 8723.41, -1783.98, 855.516, 0, 0, 0, 0, 0, 0, 0, 0, 0, 0, 1.17064, 0, 0),
(320402, 2, 8750.69, -1720.86, 893.742, 0, 0, 0, 0, 0, 0, 0, 0, 0, 0, 1.22955, 0, 0),
(320402, 3, 8764.54, -1630.26, 950.547, 0, 0, 0, 0, 0, 0, 0, 0, 0, 0, 1.37485, 0, 0),
(320402, 4, 8784.43, -1568.46, 990.325, 0, 0, 0, 0, 0, 0, 0, 0, 0, 0, 1.25311, 0, 0),
(320402, 5, 8813.18, -1499.88, 1028.76, 0, 0, 0, 0, 0, 0, 0, 0, 0, 0, 1.17064, 0, 0),
(320402, 6, 8842.51, -1437.61, 1057.48, 0, 0, 0, 0, 0, 0, 0, 0, 0, 0, 1.14708, 0, 0),
(320402, 7, 8874.68, -1356.57, 1085.49, 0, 0, 0, 0, 0, 0, 0, 0, 0, 0, 1.27667, 0, 0),
(320402, 8, 8880.06, -1273.66, 1089.19, 0, 0, 0, 0, 0, 0, 0, 0, 0, 0, 1.66545, 0, 0),
(320402, 9, 8874.76, -1201.9, 1085.23, 0, 0, 0, 0, 0, 0, 0, 0, 0, 0, 1.69294, 0, 0),
(320402, 10, 8864.12, -1125.65, 1087.66, 0, 0, 0, 0, 0, 0, 0, 0, 0, 0, 1.87358, 0, 0),
(320402, 11, 8850.96, -1053.8, 1093.64, 0, 0, 0, 0, 0, 0, 0, 0, 0, 0, 1.82646, 0, 0),
(320402, 12, 8834.04, -976.264, 1090.58, 0, 0, 0, 0, 0, 0, 0, 0, 0, 0, 1.8029, 0, 0),
(320402, 13, 8815.48, -903.365, 1080.12, 0, 0, 0, 0, 0, 0, 0, 0, 0, 0, 1.88536, 0, 0),
(320402, 14, 8801.08, -830.728, 1067.36, 0, 0, 0, 0, 0, 0, 0, 0, 0, 0, 1.78326, 0, 0),
(320402, 15, 8792.96, -762.131, 1046.34, 0, 0, 0, 0, 0, 0, 0, 0, 0, 0, 1.85787, 0, 0),
(320402, 16, 8770.32, -700.588, 1026.25, 0, 0, 0, 0, 0, 0, 0, 0, 0, 0, 2.01495, 0, 0),
(320402, 17, 8746.66, -636.417, 1014.97, 0, 0, 0, 0, 0, 0, 0, 0, 0, 0, 1.92856, 0, 0),
(320402, 18, 8715.14, -571.609, 1012.95, 0, 0, 0, 0, 0, 0, 0, 0, 0, 0, 2.16419, 0, 0),
(320402, 19, 8668.16, -500.498, 1017.4, 0, 0, 0, 0, 0, 0, 0, 0, 0, 0, 2.22309, 0, 0),
(320402, 20, 8604.14, -439.704, 1021.34, 0, 0, 0, 0, 0, 0, 0, 0, 0, 0, 2.47834, 0, 0),
(320402, 21, 8533.33, -384.619, 1037.66, 0, 0, 0, 0, 0, 0, 0, 0, 0, 0, 2.16419, 0, 0),
(320402, 22, 8492.5, -320.61, 1039.06, 0, 0, 0, 0, 0, 0, 0, 0, 0, 0, 2.16811, 0, 0),
(320402, 23, 8432.65, -253.525, 1026.8, 0, 0, 0, 0, 0, 0, 0, 0, 0, 0, 2.44693, 0, 0),
(320402, 24, 8363.39, -197.8, 1015.95, 0, 0, 0, 0, 0, 0, 0, 0, 0, 0, 2.54903, 0, 0),
(320402, 25, 8288.8, -165.718, 1011.01, 0, 0, 0, 0, 0, 0, 0, 0, 0, 0, 2.90639, 0, 0),
(320402, 26, 8206.52, -177.836, 956.277, 0, 0, 0, 0, 0, 0, 0, 0, 0, 0, 3.13414, 0, 0),
(320402, 27, 8152.15, -173.011, 975.343, 0, 0, 0, 0, 0, 0, 0, 0, 0, 0, 3.0988, 0, 0),
(320402, 28, 8081.24, -171.013, 985.361, 0, 0, 0, 0, 0, 0, 0, 0, 0, 0, 3.14199, 0, 0),
(320402, 29, 8021.86, -178.023, 1018.51, 0, 0, 0, 0, 0, 0, 0, 0, 0, 0, 3.33049, 0, 0),
(320402, 30, 7961.8, -188.095, 1066.13, 0, 0, 0, 0, 0, 0, 0, 0, 0, 0, 3.29907, 0, 0),
(320402, 31, 7897.85, -189.589, 1109.18, 0, 0, 0, 0, 0, 0, 0, 0, 0, 0, 3.15377, 0, 0),
(320402, 32, 7828.24, -187.949, 1154.06, 0, 0, 0, 0, 0, 0, 0, 0, 0, 0, 3.14985, 0, 0),
(320402, 33, 7755.29, -183.634, 1184.42, 0, 0, 0, 0, 0, 0, 0, 0, 0, 0, 3.14592, 0, 0),
(320402, 34, 7677.61, -195.344, 1221.81, 0, 0, 0, 0, 0, 0, 0, 0, 0, 0, 3.07916, 0, 0),
(320402, 35, 7616.36, -215.645, 1248.55, 0, 0, 0, 0, 0, 0, 0, 0, 0, 0, 2.70217, 0, 0),
(320402, 36, 7533.73, -197.817, 1239.07, 0, 0, 0, 0, 0, 0, 0, 0, 0, 0, 2.93386, 0, 0),
(320402, 37, 7467.34, -184.444, 1233.03, 0, 0, 0, 0, 0, 0, 0, 0, 0, 0, 3.02026, 0, 0),
(320402, 38, 7382.44, -195.37, 1235.17, 0, 0, 0, 0, 0, 0, 0, 0, 0, 0, 3.3462, 0, 0),
(320402, 39, 7304.45, -230.491, 1239.69, 0, 0, 0, 0, 0, 0, 0, 0, 0, 0, 3.66036, 0, 0),
(320402, 40, 7245.52, -286.67, 1250.27, 0, 0, 0, 0, 0, 0, 0, 0, 0, 0, 3.91954, 0, 0),
(320402, 41, 7221.23, -358.228, 1263.4, 0, 0, 0, 0, 0, 0, 0, 0, 0, 0, 4.41434, 0, 0),
(320402, 42, 7208.46, -442.839, 1268.4, 0, 0, 0, 0, 0, 0, 0, 0, 0, 0, 4.53607, 0, 0),
(320402, 43, 7209.42, -524.903, 1274.95, 0, 0, 0, 0, 0, 0, 0, 0, 0, 0, 4.69315, 0, 0),
(320402, 44, 7227.75, -596.59, 1278.66, 0, 0, 0, 0, 0, 0, 0, 0, 0, 0, 4.98767, 0, 0),
(320402, 45, 7253.2, -674.433, 1288.34, 0, 0, 0, 0, 0, 0, 0, 0, 0, 0, 5.02695, 0, 0),
(320402, 46, 7295.2, -736.443, 1300.28, 0, 0, 0, 0, 0, 0, 0, 0, 0, 0, 4.94055, 0, 0),
(320402, 47, 7321.3, -806.155, 1300.49, 0, 0, 0, 0, 0, 0, 0, 0, 0, 0, 5.08585, 0, 0),
(320402, 48, 7348.22, -855.842, 1099.24, 0, 0, 0, 0, 0, 0, 0, 0, 0, 0, 4.93504, 0, 0),
(320402, 49, 7372.05, -911.739, 1113.83, 0, 0, 0, 0, 0, 0, 0, 0, 0, 0, 5.17066, 0, 0),
(320402, 50, 7403.11, -955.636, 1129.97, 0, 0, 0, 0, 0, 0, 0, 0, 0, 0, 5.20994, 0, 0),
(320402, 51, 7423.41, -1000.09, 1144.55, 0, 0, 0, 0, 0, 0, 0, 0, 0, 0, 5.12747, 0, 0),
(320402, 52, 7446.45, -1066.49, 1167.48, 0, 0, 0, 0, 0, 0, 0, 0, 0, 0, 5.1314, 0, 0),
(320402, 53, 7472.09, -1134.68, 1185.3, 0, 0, 0, 0, 0, 0, 0, 0, 0, 0, 5.12354, 0, 0),
(320402, 54, 7506.94, -1208.96, 1203.33, 0, 0, 0, 0, 0, 0, 0, 0, 0, 0, 5.18245, 0, 0),
(320402, 55, 7556.64, -1280.85, 1231.13, 0, 0, 0, 0, 0, 0, 0, 0, 0, 0, 5.28848, 0, 0),
(320402, 56, 7605.59, -1350.76, 1258.94, 0, 0, 0, 0, 0, 0, 0, 0, 0, 0, 5.29241, 0, 0),
(320402, 57, 7646.36, -1429.46, 1292.81, 0, 0, 0, 0, 0, 0, 0, 0, 0, 0, 5.19031, 0, 0),
(320402, 58, 7700.57, -1500.05, 1317.24, 0, 0, 0, 0, 0, 0, 0, 0, 0, 0, 5.36309, 0, 0),
(320402, 59, 7765.82, -1553, 1356.18, 0, 0, 0, 0, 0, 0, 0, 0, 0, 0, 5.6851, 0, 0),
(320402, 60, 7827.44, -1569.22, 1380.75, 0, 0, 0, 0, 0, 0, 0, 0, 0, 0, 6.08958, 0, 0),
(320402, 61, 7898.6, -1566.45, 1390.34, 0, 0, 0, 0, 0, 0, 0, 0, 0, 0, 6.27023, 0, 0),
(320402, 62, 7952.7, -1584.52, 1398.85, 0, 0, 0, 0, 0, 0, 0, 0, 0, 0, 0.089144, 0, 0),
(320402, 63, 8027.52, -1578.07, 1403.23, 0, 0, 0, 0, 0, 0, 0, 0, 0, 0, 0.069509, 0, 0),
(320402, 64, 8107.66, -1563.94, 1406.93, 0, 0, 0, 0, 0, 0, 0, 0, 0, 0, 6.21132, 0, 0),
(320402, 65, 8196.65, -1572.23, 1370.8, 0, 0, 0, 0, 0, 0, 0, 0, 0, 0, 6.121, 0, 0),
(320402, 66, 8273.16, -1586.81, 1332.98, 0, 0, 0, 0, 0, 0, 0, 0, 0, 0, 6.01105, 0, 0),
(320402, 67, 8341.19, -1599.73, 1295.14, 0, 0, 0, 0, 0, 0, 0, 0, 0, 0, 5.98749, 0, 0),
(320402, 68, 8407.75, -1618.24, 1244.41, 0, 0, 0, 0, 0, 0, 0, 0, 0, 0, 5.99534, 0, 0),
(320402, 69, 8461.83, -1615.92, 1183.24, 0, 0, 0, 0, 0, 0, 0, 0, 0, 0, 0.006682, 0, 0),
(320402, 70, 8489.87, -1606.18, 1149.12, 0, 0, 0, 0, 0, 0, 0, 0, 0, 0, 0.144124, 0, 0);
-- --------
-- VYRAGOSA
-- --------
-- Add flying animation to `creature_template_addon`
DELETE FROM creature_template_addon WHERE entry IN (32630);
INSERT INTO creature_template_addon VALUES INSERT INTO creature_template_addon (entry, bytes1) VALUES (32630, 50331648);
-- 1 point
DELETE FROM creature WHERE guid = 320403 AND id = 32630;
INSERT INTO creature (guid,id,map,spawnMask,phaseMask,modelid,equipment_id,position_x,position_y,position_z,orientation,spawntimesecs,spawndist,currentwaypoint,curhealth,curmana,DeathState,MovementType) VALUES
(320403, 32630, 571, 1, 1, 0, 0, 6730.56, -9.47752, 858.473, 4.23808, 21600, 5, 0, 18900, 0, 0, 2);
-- Orange route
DELETE FROM creature_movement WHERE id = 320403;
INSERT INTO creature_movement (id,POINT,position_x,position_y,position_z,waittime,script_id,textid1,textid2,textid3,textid4,textid5,emote,spell,wpguid,orientation,model1,model2) VALUES
(320403, 1, 6740.77, -12.8514, 891.656, 0, 0, 0, 0, 0, 0, 0, 0, 0, 0, 2.69007, 0, 0),
(320403, 2, 6787.13, -72.8198, 889.882, 0, 0, 0, 0, 0, 0, 0, 0, 0, 0, 2.19525, 0, 0),
(320403, 3, 6867.26, -112.6, 847.751, 0, 0, 0, 0, 0, 0, 0, 0, 0, 0, 2.90996, 0, 0),
(320403, 4, 6915.77, -143.158, 797.585, 0, 0, 0, 0, 0, 0, 0, 0, 0, 0, 2.51725, 0, 0),
(320403, 5, 6981.25, -186.863, 794.257, 0, 0, 0, 0, 0, 0, 0, 0, 0, 0, 2.52117, 0, 0),
(320403, 6, 7019.09, -221.237, 808.454, 0, 0, 0, 0, 0, 0, 0, 0, 0, 0, 2.54237, 0, 0),
(320403, 7, 7071.68, -271.314, 834.868, 0, 0, 0, 0, 0, 0, 0, 0, 0, 0, 2.01222, 0, 0),
(320403, 8, 7086.45, -354.379, 844.9, 0, 0, 0, 0, 0, 0, 0, 0, 0, 0, 1.58812, 0, 0),
(320403, 9, 7071.38, -428.176, 834.976, 0, 0, 0, 0, 0, 0, 0, 0, 0, 0, 1.37999, 0, 0),
(320403, 10, 7066.09, -513.489, 820.056, 0, 0, 0, 0, 0, 0, 0, 0, 0, 0, 1.57241, 0, 0),
(320403, 11, 7067.5, -568.337, 795.969, 0, 0, 0, 0, 0, 0, 0, 0, 0, 0, 1.67843, 0, 0),
(320403, 12, 7055.35, -636.828, 810.882, 0, 0, 0, 0, 0, 0, 0, 0, 0, 0, 1.47031, 0, 0),
(320403, 13, 7058.33, -695.683, 785.482, 0, 0, 0, 0, 0, 0, 0, 0, 0, 0, 1.59205, 0, 0),
(320403, 14, 7043.85, -710.588, 778.019, 0, 0, 0, 0, 0, 0, 0, 0, 0, 0, 0.99908, 0, 0),
(320403, 15, 6974.9, -766.333, 781.233, 0, 0, 0, 0, 0, 0, 0, 0, 0, 0, 0.794877, 0, 0),
(320403, 16, 6895.57, -779.442, 782.819, 0, 0, 0, 0, 0, 0, 0, 0, 0, 0, 0.001624, 0, 0),
(320403, 17, 6821.12, -779.218, 787.887, 0, 0, 0, 0, 0, 0, 0, 0, 0, 0, 0.107653, 0, 0),
(320403, 18, 6736.96, -791.609, 772.622, 0, 0, 0, 0, 0, 0, 0, 0, 0, 0, 0.374688, 0, 0),
(320403, 19, 6676.21, -770.049, 818.515, 0, 0, 0, 0, 0, 0, 0, 0, 0, 0, 6.13166, 0, 0),
(320403, 20, 6621.05, -729.8, 801.8, 0, 0, 0, 0, 0, 0, 0, 0, 0, 0, 5.6722, 0, 0),
(320403, 21, 6550.33, -676.154, 871.641, 0, 0, 0, 0, 0, 0, 0, 0, 0, 0, 5.46014, 0, 0),
(320403, 22, 6532.27, -601.894, 905.349, 0, 0, 0, 0, 0, 0, 0, 0, 0, 0, 4.94964, 0, 0),
(320403, 23, 6515.84, -513.599, 947.935, 0, 0, 0, 0, 0, 0, 0, 0, 0, 0, 4.69831, 0, 0),
(320403, 24, 6492.89, -455.282, 920.786, 0, 0, 0, 0, 0, 0, 0, 0, 0, 0, 4.91429, 0, 0),
(320403, 25, 6505.2, -365.81, 905.105, 0, 0, 0, 0, 0, 0, 0, 0, 0, 0, 4.74936, 0, 0),
(320403, 26, 6522.79, -287.625, 936.724, 0, 0, 0, 0, 0, 0, 0, 0, 0, 0, 4.4784, 0, 0),
(320403, 27, 6545.9, -221.039, 927.396, 0, 0, 0, 0, 0, 0, 0, 0, 0, 0, 4.4509, 0, 0),
(320403, 28, 6550.96, -158.206, 935.631, 0, 0, 0, 0, 0, 0, 0, 0, 0, 0, 4.43126, 0, 0),
(320403, 29, 6594.05, -100.584, 980.107, 0, 0, 0, 0, 0, 0, 0, 0, 0, 0, 3.92861, 0, 0),
(320403, 30, 6683.98, -80.0578, 1000.16, 0, 0, 0, 0, 0, 0, 0, 0, 0, 0, 3.66157, 0, 0);
-- 2 point
DELETE FROM creature WHERE guid = 320404 AND id = 32630;
INSERT INTO creature (guid,id,map,spawnMask,phaseMask,modelid,equipment_id,position_x,position_y,position_z,orientation,spawntimesecs,spawndist,currentwaypoint,curhealth,curmana,DeathState,MovementType) VALUES
(320404, 32630, 571, 1, 1, 0, 0, 6139.3, -1081.42, 575.809, 0.758751, 21600, 5, 0, 18900, 0, 0, 2);
-- Yellow route
DELETE FROM creature_movement WHERE id=320404;
INSERT INTO creature_movement (id,POINT,position_x,position_y,position_z,waittime,script_id,textid1,textid2,textid3,textid4,textid5,emote,spell,wpguid,orientation,model1,model2) VALUES
(320404, 1, 6191.99, -1032.15, 581.038, 0, 0, 0, 0, 0, 0, 0, 0, 0, 0, 0.750899, 0, 0),
(320404, 2, 6265.86, -1008.31, 599.102, 0, 0, 0, 0, 0, 0, 0, 0, 0, 0, 0.24039, 0, 0),
(320404, 3, 6316.06, -1002.52, 626.248, 0, 0, 0, 0, 0, 0, 0, 0, 0, 0, 0.173631, 0, 0),
(320404, 4, 6381.3, -1000.06, 663.556, 0, 0, 0, 0, 0, 0, 0, 0, 0, 0, 0.087237, 0, 0),
(320404, 5, 6449.45, -1009.37, 714.011, 0, 0, 0, 0, 0, 0, 0, 0, 0, 0, 6.11124, 0, 0),
(320404, 6, 6522.47, -1010.99, 764.45, 0, 0, 0, 0, 0, 0, 0, 0, 0, 0, 6.24083, 0, 0),
(320404, 7, 6587.48, -1010.83, 805.57, 0, 0, 0, 0, 0, 0, 0, 0, 0, 0, 0.04404, 0, 0),
(320404, 8, 6655.86, -1016.99, 843.44, 0, 0, 0, 0, 0, 0, 0, 0, 0, 0, 6.24476, 0, 0),
(320404, 9, 6736.51, -1025.31, 880.946, 0, 0, 0, 0, 0, 0, 0, 0, 0, 0, 6.1623, 0, 0),
(320404, 10, 6801.57, -1031.99, 910.934, 0, 0, 0, 0, 0, 0, 0, 0, 0, 0, 6.20157, 0, 0),
(320404, 11, 6885.3, -1039.89, 965.26, 0, 0, 0, 0, 0, 0, 0, 0, 0, 0, 6.2055, 0, 0),
(320404, 12, 6941.5, -1047.55, 991.398, 0, 0, 0, 0, 0, 0, 0, 0, 0, 0, 0.012632, 0, 0),
(320404, 13, 7029.17, -1053.58, 1033.86, 0, 0, 0, 0, 0, 0, 0, 0, 0, 0, 6.11911, 0, 0),
(320404, 14, 7086.39, -1075.33, 1075.72, 0, 0, 0, 0, 0, 0, 0, 0, 0, 0, 5.94632, 0, 0),
(320404, 15, 7103.35, -1061.18, 1013.84, 0, 0, 0, 0, 0, 0, 0, 0, 0, 0, 5.69499, 0, 0),
(320404, 16, 7160.69, -1113.85, 1061.8, 0, 0, 0, 0, 0, 0, 0, 0, 0, 0, 5.41618, 0, 0),
(320404, 17, 7183.53, -1187.43, 1105.65, 0, 0, 0, 0, 0, 0, 0, 0, 0, 0, 4.98422, 0, 0),
(320404, 18, 7161.67, -1255.21, 1124.71, 0, 0, 0, 0, 0, 0, 0, 0, 0, 0, 4.3991, 0, 0),
(320404, 19, 7110.71, -1299.74, 1133.78, 0, 0, 0, 0, 0, 0, 0, 0, 0, 0, 3.78649, 0, 0),
(320404, 20, 7043.14, -1319.26, 1138.06, 0, 0, 0, 0, 0, 0, 0, 0, 0, 0, 3.32703, 0, 0),
(320404, 21, 6967.65, -1290.61, 1134.45, 0, 0, 0, 0, 0, 0, 0, 0, 0, 0, 2.58876, 0, 0),
(320404, 22, 6938.16, -1315.75, 1110.17, 0, 0, 0, 0, 0, 0, 0, 0, 0, 0, 4.37555, 0, 0),
(320404, 23, 6893.38, -1374.53, 1093.61, 0, 0, 0, 0, 0, 0, 0, 0, 0, 0, 3.96714, 0, 0),
(320404, 24, 6832.37, -1398.55, 1067.39, 0, 0, 0, 0, 0, 0, 0, 0, 0, 0, 3.30348, 0, 0),
(320404, 25, 6777.33, -1406.13, 1044.2, 0, 0, 0, 0, 0, 0, 0, 0, 0, 0, 3.34668, 0, 0),
(320404, 26, 6734.38, -1401.01, 1026.47, 0, 0, 0, 0, 0, 0, 0, 0, 0, 0, 2.93435, 0, 0),
(320404, 27, 6683.32, -1381.73, 978.631, 0, 0, 0, 0, 0, 0, 0, 0, 0, 0, 2.64767, 0, 0),
(320404, 28, 6645.22, -1358.78, 944.035, 0, 0, 0, 0, 0, 0, 0, 0, 0, 0, 2.63589, 0, 0),
(320404, 29, 6611.86, -1338.52, 907.478, 0, 0, 0, 0, 0, 0, 0, 0, 0, 0, 2.59662, 0, 0),
(320404, 30, 6565.35, -1310.74, 855.012, 0, 0, 0, 0, 0, 0, 0, 0, 0, 0, 2.61233, 0, 0),
(320404, 31, 6524.87, -1285.36, 811.952, 0, 0, 0, 0, 0, 0, 0, 0, 0, 0, 2.55735, 0, 0);
-- 3 point
DELETE FROM creature WHERE guid = 320405 AND id = 32630;
INSERT INTO creature (guid,id,map,spawnMask,phaseMask,modelid,equipment_id,position_x,position_y,position_z,orientation,spawntimesecs,spawndist,currentwaypoint,curhealth,curmana,DeathState,MovementType) VALUES
(320405, 32630, 571, 1, 1, 0, 0, 8715.99, -1845.23, 833.745, 1.98746, 21600, 5, 0, 18900, 0, 0, 2);
-- Red route
DELETE FROM creature_movement WHERE id=320405;
INSERT INTO creature_movement (id,POINT,position_x,position_y,position_z,waittime,script_id,textid1,textid2,textid3,textid4,textid5,emote,spell,wpguid,orientation,model1,model2) VALUES
(320405, 1, 8723.41, -1783.98, 855.516, 0, 0, 0, 0, 0, 0, 0, 0, 0, 0, 1.17064, 0, 0),
(320405, 2, 8750.69, -1720.86, 893.742, 0, 0, 0, 0, 0, 0, 0, 0, 0, 0, 1.22955, 0, 0),
(320405, 3, 8764.54, -1630.26, 950.547, 0, 0, 0, 0, 0, 0, 0, 0, 0, 0, 1.37485, 0, 0),
(320405, 4, 8784.43, -1568.46, 990.325, 0, 0, 0, 0, 0, 0, 0, 0, 0, 0, 1.25311, 0, 0),
(320405, 5, 8813.18, -1499.88, 1028.76, 0, 0, 0, 0, 0, 0, 0, 0, 0, 0, 1.17064, 0, 0),
(320405, 6, 8842.51, -1437.61, 1057.48, 0, 0, 0, 0, 0, 0, 0, 0, 0, 0, 1.14708, 0, 0),
(320405, 7, 8874.68, -1356.57, 1085.49, 0, 0, 0, 0, 0, 0, 0, 0, 0, 0, 1.27667, 0, 0),
(320405, 8, 8880.06, -1273.66, 1089.19, 0, 0, 0, 0, 0, 0, 0, 0, 0, 0, 1.66545, 0, 0),
(320405, 9, 8874.76, -1201.9, 1085.23, 0, 0, 0, 0, 0, 0, 0, 0, 0, 0, 1.69294, 0, 0),
(320405, 10, 8864.12, -1125.65, 1087.66, 0, 0, 0, 0, 0, 0, 0, 0, 0, 0, 1.87358, 0, 0),
(320405, 11, 8850.96, -1053.8, 1093.64, 0, 0, 0, 0, 0, 0, 0, 0, 0, 0, 1.82646, 0, 0),
(320405, 12, 8834.04, -976.264, 1090.58, 0, 0, 0, 0, 0, 0, 0, 0, 0, 0, 1.8029, 0, 0),
(320405, 13, 8815.48, -903.365, 1080.12, 0, 0, 0, 0, 0, 0, 0, 0, 0, 0, 1.88536, 0, 0),
(320405, 14, 8801.08, -830.728, 1067.36, 0, 0, 0, 0, 0, 0, 0, 0, 0, 0, 1.78326, 0, 0),
(320405, 15, 8792.96, -762.131, 1046.34, 0, 0, 0, 0, 0, 0, 0, 0, 0, 0, 1.85787, 0, 0),
(320405, 16, 8770.32, -700.588, 1026.25, 0, 0, 0, 0, 0, 0, 0, 0, 0, 0, 2.01495, 0, 0),
(320405, 17, 8746.66, -636.417, 1014.97, 0, 0, 0, 0, 0, 0, 0, 0, 0, 0, 1.92856, 0, 0),
(320405, 18, 8715.14, -571.609, 1012.95, 0, 0, 0, 0, 0, 0, 0, 0, 0, 0, 2.16419, 0, 0),
(320405, 19, 8668.16, -500.498, 1017.4, 0, 0, 0, 0, 0, 0, 0, 0, 0, 0, 2.22309, 0, 0),
(320405, 20, 8604.14, -439.704, 1021.34, 0, 0, 0, 0, 0, 0, 0, 0, 0, 0, 2.47834, 0, 0),
(320405, 21, 8533.33, -384.619, 1037.66, 0, 0, 0, 0, 0, 0, 0, 0, 0, 0, 2.16419, 0, 0),
(320405, 22, 8492.5, -320.61, 1039.06, 0, 0, 0, 0, 0, 0, 0, 0, 0, 0, 2.16811, 0, 0),
(320405, 23, 8432.65, -253.525, 1026.8, 0, 0, 0, 0, 0, 0, 0, 0, 0, 0, 2.44693, 0, 0),
(320405, 24, 8363.39, -197.8, 1015.95, 0, 0, 0, 0, 0, 0, 0, 0, 0, 0, 2.54903, 0, 0),
(320405, 25, 8288.8, -165.718, 1011.01, 0, 0, 0, 0, 0, 0, 0, 0, 0, 0, 2.90639, 0, 0),
(320405, 26, 8206.52, -177.836, 956.277, 0, 0, 0, 0, 0, 0, 0, 0, 0, 0, 3.13414, 0, 0),
(320405, 27, 8152.15, -173.011, 975.343, 0, 0, 0, 0, 0, 0, 0, 0, 0, 0, 3.0988, 0, 0),
(320405, 28, 8081.24, -171.013, 985.361, 0, 0, 0, 0, 0, 0, 0, 0, 0, 0, 3.14199, 0, 0),
(320405, 29, 8021.86, -178.023, 1018.51, 0, 0, 0, 0, 0, 0, 0, 0, 0, 0, 3.33049, 0, 0),
(320405, 30, 7961.8, -188.095, 1066.13, 0, 0, 0, 0, 0, 0, 0, 0, 0, 0, 3.29907, 0, 0),
(320405, 31, 7897.85, -189.589, 1109.18, 0, 0, 0, 0, 0, 0, 0, 0, 0, 0, 3.15377, 0, 0),
(320405, 32, 7828.24, -187.949, 1154.06, 0, 0, 0, 0, 0, 0, 0, 0, 0, 0, 3.14985, 0, 0),
(320405, 33, 7755.29, -183.634, 1184.42, 0, 0, 0, 0, 0, 0, 0, 0, 0, 0, 3.14592, 0, 0),
(320405, 34, 7677.61, -195.344, 1221.81, 0, 0, 0, 0, 0, 0, 0, 0, 0, 0, 3.07916, 0, 0),
(320405, 35, 7616.36, -215.645, 1248.55, 0, 0, 0, 0, 0, 0, 0, 0, 0, 0, 2.70217, 0, 0),
(320405, 36, 7533.73, -197.817, 1239.07, 0, 0, 0, 0, 0, 0, 0, 0, 0, 0, 2.93386, 0, 0),
(320405, 37, 7467.34, -184.444, 1233.03, 0, 0, 0, 0, 0, 0, 0, 0, 0, 0, 3.02026, 0, 0),
(320405, 38, 7382.44, -195.37, 1235.17, 0, 0, 0, 0, 0, 0, 0, 0, 0, 0, 3.3462, 0, 0),
(320405, 39, 7304.45, -230.491, 1239.69, 0, 0, 0, 0, 0, 0, 0, 0, 0, 0, 3.66036, 0, 0),
(320405, 40, 7245.52, -286.67, 1250.27, 0, 0, 0, 0, 0, 0, 0, 0, 0, 0, 3.91954, 0, 0),
(320405, 41, 7221.23, -358.228, 1263.4, 0, 0, 0, 0, 0, 0, 0, 0, 0, 0, 4.41434, 0, 0),
(320405, 42, 7208.46, -442.839, 1268.4, 0, 0, 0, 0, 0, 0, 0, 0, 0, 0, 4.53607, 0, 0),
(320405, 43, 7209.42, -524.903, 1274.95, 0, 0, 0, 0, 0, 0, 0, 0, 0, 0, 4.69315, 0, 0),
(320405, 44, 7227.75, -596.59, 1278.66, 0, 0, 0, 0, 0, 0, 0, 0, 0, 0, 4.98767, 0, 0),
(320405, 45, 7253.2, -674.433, 1288.34, 0, 0, 0, 0, 0, 0, 0, 0, 0, 0, 5.02695, 0, 0),
(320405, 46, 7295.2, -736.443, 1300.28, 0, 0, 0, 0, 0, 0, 0, 0, 0, 0, 4.94055, 0, 0),
(320405, 47, 7321.3, -806.155, 1300.49, 0, 0, 0, 0, 0, 0, 0, 0, 0, 0, 5.08585, 0, 0),
(320405, 48, 7348.22, -855.842, 1099.24, 0, 0, 0, 0, 0, 0, 0, 0, 0, 0, 4.93504, 0, 0),
(320405, 49, 7372.05, -911.739, 1113.83, 0, 0, 0, 0, 0, 0, 0, 0, 0, 0, 5.17066, 0, 0),
(320405, 50, 7403.11, -955.636, 1129.97, 0, 0, 0, 0, 0, 0, 0, 0, 0, 0, 5.20994, 0, 0),
(320405, 51, 7423.41, -1000.09, 1144.55, 0, 0, 0, 0, 0, 0, 0, 0, 0, 0, 5.12747, 0, 0),
(320405, 52, 7446.45, -1066.49, 1167.48, 0, 0, 0, 0, 0, 0, 0, 0, 0, 0, 5.1314, 0, 0),
(320405, 53, 7472.09, -1134.68, 1185.3, 0, 0, 0, 0, 0, 0, 0, 0, 0, 0, 5.12354, 0, 0),
(320405, 54, 7506.94, -1208.96, 1203.33, 0, 0, 0, 0, 0, 0, 0, 0, 0, 0, 5.18245, 0, 0),
(320405, 55, 7556.64, -1280.85, 1231.13, 0, 0, 0, 0, 0, 0, 0, 0, 0, 0, 5.28848, 0, 0),
(320405, 56, 7605.59, -1350.76, 1258.94, 0, 0, 0, 0, 0, 0, 0, 0, 0, 0, 5.29241, 0, 0),
(320405, 57, 7646.36, -1429.46, 1292.81, 0, 0, 0, 0, 0, 0, 0, 0, 0, 0, 5.19031, 0, 0),
(320405, 58, 7700.57, -1500.05, 1317.24, 0, 0, 0, 0, 0, 0, 0, 0, 0, 0, 5.36309, 0, 0),
(320405, 59, 7765.82, -1553, 1356.18, 0, 0, 0, 0, 0, 0, 0, 0, 0, 0, 5.6851, 0, 0),
(320405, 60, 7827.44, -1569.22, 1380.75, 0, 0, 0, 0, 0, 0, 0, 0, 0, 0, 6.08958, 0, 0),
(320405, 61, 7898.6, -1566.45, 1390.34, 0, 0, 0, 0, 0, 0, 0, 0, 0, 0, 6.27023, 0, 0),
(320405, 62, 7952.7, -1584.52, 1398.85, 0, 0, 0, 0, 0, 0, 0, 0, 0, 0, 0.089144, 0, 0),
(320405, 63, 8027.52, -1578.07, 1403.23, 0, 0, 0, 0, 0, 0, 0, 0, 0, 0, 0.069509, 0, 0),
(320405, 64, 8107.66, -1563.94, 1406.93, 0, 0, 0, 0, 0, 0, 0, 0, 0, 0, 6.21132, 0, 0),
(320405, 65, 8196.65, -1572.23, 1370.8, 0, 0, 0, 0, 0, 0, 0, 0, 0, 0, 6.121, 0, 0),
(320405, 66, 8273.16, -1586.81, 1332.98, 0, 0, 0, 0, 0, 0, 0, 0, 0, 0, 6.01105, 0, 0),
(320405, 67, 8341.19, -1599.73, 1295.14, 0, 0, 0, 0, 0, 0, 0, 0, 0, 0, 5.98749, 0, 0),
(320405, 68, 8407.75, -1618.24, 1244.41, 0, 0, 0, 0, 0, 0, 0, 0, 0, 0, 5.99534, 0, 0),
(320405, 69, 8461.83, -1615.92, 1183.24, 0, 0, 0, 0, 0, 0, 0, 0, 0, 0, 0.006682, 0, 0),
(320405, 70, 8489.87, -1606.18, 1149.12, 0, 0, 0, 0, 0, 0, 0, 0, 0, 0, 0.144124, 0, 0);
-- ------
-- DIRKEE
-- ------
DELETE FROM creature WHERE id=32500;
INSERT INTO creature (guid,id,map,spawnMask,phaseMask,modelid,equipment_id,position_x,position_y, position_z, orientation,spawntimesecs,spawndist,currentwaypoint,curhealth,curmana,DeathState,MovementType) VALUES
(320406, 32500, 571, 1, 1, 0, 0, 8392.22, -1189.11, 927.468, 1.73202, 21600, 20, 0, 50400, 3994, 0, 1),
(320407, 32500, 571, 1, 1, 0, 0, 7751.04, -1099.42, 926.238, 2.84729, 21600, 20, 0, 50400, 3994, 0, 1),
(320408, 32500, 571, 1, 1, 0, 0, 7290.77, -1119.28, 938.286, 0.26333, 21600, 20, 0, 50400, 3994, 0, 1),
(320409, 32500, 571, 1, 1, 0, 0, 7934.73, -3183.8, 862.21, 4.21701, 21600, 20, 0, 50400, 3994, 0, 1);
-- Add pool
DELETE FROM pool_template WHERE entry = 320400;
INSERT INTO pool_template (entry, max_limit, description) VALUES (320400, 1, 'Nord''s rare elit npc Time-Lost, Vyragosa, dirkee (WowBridge)');
DELETE FROM pool_creature WHERE pool_entry = 320400;
INSERT INTO pool_creature (guid, pool_entry, chance, description) VALUES 
(320400, 320400, 5, 'Spawn Time-lost 32491 poin1 (WowBridge)'),
(320401, 320400, 5, 'Spawn Time-lost 32491 poin2 (WowBridge)'),
(320402, 320400, 5, 'Spawn Time-lost 32491 poin3 (WowBridge)'),
(320403, 320400, 0, 'Spawn Vyragosa 32630 poin1 (WowBridge)'),
(320404, 320400, 0, 'Spawn Vyragosa 32630 poin2 (WowBridge)'),
(320405, 320400, 0, 'Spawn Vyragosa 32630 poin3 (WowBridge)'),
(320406, 320400, 0, 'Spawn Dirkee 32500 poin3 (WowBridge)'),
(320407, 320400, 0, 'Spawn Dirkee 32500 poin1 (WowBridge)'),
(320408, 320400, 0, 'Spawn Dirkee 32500 poin2 (WowBridge)'),
(320409, 320400, 0, 'Spawn Dirkee 32500 poin3 (WowBridge)');