-- Название: "НАШЕСТВИЕ КРОЛИКОВ"
-- Версия: 1.0 Final
-- Автор: mosst
-- Адаптировано под 3.3.5
-- Диапазон game_event.entry: 130-131
-- Диапазон creature_template.entry: 779000, 779001, 779002, 779003, 779004
-- Диапазон quest_template.entry: 779000.
-- начальные guid-ы

SET @CREATURE := 320000;

-- EVENT
DELETE FROM game_event WHERE entry = 130;
INSERT INTO game_event VALUES (130, '2010-11-21 21:03:00', '2020-10-21 21:00:00', 5760, 60, 0, 'НАШЕСТВИЕ КРОЛИКОВ'); 
DELETE FROM game_event WHERE entry = 131;
INSERT INTO game_event VALUES (131, '2010-11-21 21:03:00', '2020-10-21 21:00:00', 5760, 61, 0, 'НАШЕСТВИЕ КРОЛИКОВ - КВЕСТГИВЕРЫ'); 
-- RABBITS
DELETE FROM creature_template WHERE entry = 779000;
INSERT creature_template (`entry`, `difficulty_entry_1`, `difficulty_entry_2`, `difficulty_entry_3`, `KillCredit1`, `KillCredit2`, `modelid_1`, `modelid_2`, `modelid_3`, `modelid_4`, `name`, `subname`, `IconName`, `gossip_menu_id`, `minlevel`, `maxlevel`, `minhealth`, `maxhealth`, `minmana`, `maxmana`, `armor`, `faction_A`, `faction_H`, `npcflag`, `speed_walk`, `speed_run`, `scale`, `rank`, `mindmg`, `maxdmg`, `dmgschool`, `attackpower`, `dmg_multiplier`, `baseattacktime`, `rangeattacktime`, `unit_class`, `unit_flags`, `dynamicflags`, `family`, `trainer_type`, `trainer_spell`, `trainer_class`, `trainer_race`, `minrangedmg`, `maxrangedmg`, `rangedattackpower`, `type`, `type_flags`, `lootid`, `pickpocketloot`, `skinloot`, `resistance1`, `resistance2`, `resistance3`, `resistance4`, `resistance5`, `resistance6`, `spell1`, `spell2`, `spell3`, `spell4`, `PetSpellDataId`, `mingold`, `maxgold`, `AIName`, `MovementType`, `InhabitType`, `unk16`, `unk17`, `RacialLeader`, `questItem1`, `questItem2`, `questItem3`, `questItem4`, `questItem5`, `questItem6`, `movementId`, `RegenHealth`, `equipment_id`, `trainer_id`, `vendor_id`, `mechanic_immune_mask`, `flags_extra`, `ScriptName`) VALUES 
(779000, 0, 0, 0, 0, 0, 328, 0, 0, 0, 'Rabbit', '', '', 0, 78, 80, 12000, 12300, 5100, 5800, 8500, 1614, 1614, 0, 1.16, 1.8, 2, 1, 220, 590, 0, 660, 6, 2000, 1457, 0, 0, 0, 1, 0, 0, 0, 0, 150, 190, 100, 1, 0, 0, 0, 0, 0, 0, 0, 0, 0, 0, 0, 0, 0, 0, 0, 4567, 10457, '', 0, 1, 1.2, 1, 0, 0, 0, 0, 0, 0, 0, 0, 1, 0, 0, 0, 75504345, 64, '');
DELETE FROM locales_creature WHERE entry = 779000;
INSERT INTO locales_creature VALUES (779000,'', '', '', '', '', '', '', 'Кролик', NULL, NULL, NULL, NULL, NULL, NULL, NULL, '');
-- QUEST Externination of rabbit
DELETE FROM `creature_questrelation` WHERE `quest` = 779000;
INSERT INTO `creature_questrelation` (`id`, `quest`) VALUES 
(779001, 779000),
(779002, 779000);
DELETE FROM `creature_involvedrelation` WHERE `quest` = 779000;
INSERT INTO `creature_involvedrelation` (`id`, `quest`) VALUES 
(779001, 779000),
(779002, 779000);
DELETE FROM quest_template WHERE entry = 779000;
INSERT INTO `quest_template` (`entry`, `Method`, `ZoneOrSort`, `MinLevel`, `QuestLevel`, `Type`, `RequiredClasses`, `RequiredRaces`, `RequiredSkill`, `RequiredSkillValue`, `RepObjectiveFaction`, `RepObjectiveValue`, `RequiredMinRepFaction`, `RequiredMinRepValue`, `RequiredMaxRepFaction`, `RequiredMaxRepValue`, `SuggestedPlayers`, `LimitTime`, `QuestFlags`, `SpecialFlags`, `CharTitleId`, `PlayersSlain`, `BonusTalents`, `PrevQuestId`, `NextQuestId`, `ExclusiveGroup`, `NextQuestInChain`, `RewXPId`, `SrcItemId`, `SrcItemCount`, `SrcSpell`, `Title`, `Details`, `Objectives`, `OfferRewardText`, `RequestItemsText`, `EndText`, `CompletedText`, `ObjectiveText1`, `ObjectiveText2`, `ObjectiveText3`, `ObjectiveText4`, `ReqItemId1`, `ReqItemId2`, `ReqItemId3`, `ReqItemId4`, `ReqItemId5`, `ReqItemId6`, `ReqItemCount1`, `ReqItemCount2`, `ReqItemCount3`, `ReqItemCount4`, `ReqItemCount5`, `ReqItemCount6`, `ReqSourceId1`, `ReqSourceId2`, `ReqSourceId3`, `ReqSourceId4`, `ReqSourceCount1`, `ReqSourceCount2`, `ReqSourceCount3`, `ReqSourceCount4`, `ReqCreatureOrGOId1`, `ReqCreatureOrGOId2`, `ReqCreatureOrGOId3`, `ReqCreatureOrGOId4`, `ReqCreatureOrGOCount1`, `ReqCreatureOrGOCount2`, `ReqCreatureOrGOCount3`, `ReqCreatureOrGOCount4`, `ReqSpellCast1`, `ReqSpellCast2`, `ReqSpellCast3`, `ReqSpellCast4`, `RewChoiceItemId1`, `RewChoiceItemId2`, `RewChoiceItemId3`, `RewChoiceItemId4`, `RewChoiceItemId5`, `RewChoiceItemId6`, `RewChoiceItemCount1`, `RewChoiceItemCount2`, `RewChoiceItemCount3`, `RewChoiceItemCount4`, `RewChoiceItemCount5`, `RewChoiceItemCount6`, `RewItemId1`, `RewItemId2`, `RewItemId3`, `RewItemId4`, `RewItemCount1`, `RewItemCount2`, `RewItemCount3`, `RewItemCount4`, `RewRepFaction1`, `RewRepFaction2`, `RewRepFaction3`, `RewRepFaction4`, `RewRepFaction5`, `RewRepValueId1`, `RewRepValueId2`, `RewRepValueId3`, `RewRepValueId4`, `RewRepValueId5`, `RewRepValue1`, `RewRepValue2`, `RewRepValue3`, `RewRepValue4`, `RewRepValue5`, `RewHonorAddition`, `RewHonorMultiplier`, `RewOrReqMoney`, `RewMoneyMaxLevel`, `RewSpell`, `RewSpellCast`, `RewMailTemplateId`, `RewMailDelaySecs`, `PointMapId`, `PointX`, `PointY`, `PointOpt`, `DetailsEmote1`, `DetailsEmote2`, `DetailsEmote3`, `DetailsEmote4`, `DetailsEmoteDelay1`, `DetailsEmoteDelay2`, `DetailsEmoteDelay3`, `DetailsEmoteDelay4`, `IncompleteEmote`, `CompleteEmote`, `OfferRewardEmote1`, `OfferRewardEmote2`, `OfferRewardEmote3`, `OfferRewardEmote4`, `OfferRewardEmoteDelay1`, `OfferRewardEmoteDelay2`, `OfferRewardEmoteDelay3`, `OfferRewardEmoteDelay4`, `StartScript`, `CompleteScript`) 
VALUES (779000, 2, 14, 71, 80, 0, 1535, 1791, 0, 0, 0, 0, 0, 0, 0, 0, 0, 720, 4234, 1, 0, 0, 0, 0, 0, 0, 0, 0, 0, 0, 0, 'Externination of Rabbit', 'Help. They attacked our city yet at night, cut all guards. We do not can delivered from them. It what that invasion of rabbit of mutants.', 'Put to death them as many as possible, for you am 12 minutes differently they will take our city fully.', 'Ur hero, them remained not so much, we will be able to interrupt their shallow tailings. Thank you once again. Choose the deserved reward.', 'Help! Help!', '', '', '', '', '', '', 0, 0, 0, 0, 0, 0, 0, 0, 0, 0, 0, 0, 0, 0, 0, 0, 0, 0, 0, 0, 779000, 0, 0, 0, 40, 0, 0, 0, 0, 0, 0, 0, 49426, 38186, 0, 0, 0, 0, 5, 10, 0, 0, 0, 0, 0, 0, 0, 0, 0, 0, 0, 0, 369, 0, 0, 0, 0, 1, 0, 0, 0, 0, 800, 0, 0, 0, 0, 0, 0, 230000, 320000, 0, 0, 0, 0, 0, 0, 0, 0, 0, 0, 0, 0, 0, 0, 0, 0, 0, 1, 0, 0, 0, 0, 0, 0, 0, 0, 0, 0);
DELETE FROM locales_quest WHERE entry = 779000;
INSERT INTO locales_quest 
(entry, Title_loc8, Details_loc8, Objectives_loc8, OfferRewardText_loc8, RequestItemsText_loc8, CompletedText_loc8) VALUES
(779000, 'Нашествие кроликов', 'Ей ты. Помоги!!. Они напали на наш город ещё ночью, перерезали всех стражников. Мы не можем избавится от них. Это какое то нашествие кролей!.', 'Отправляйтесь в Прибамбасск это в Танарисе. Убейте их как можно больше, у вас есть 12 минут иначе они полностью захватят наш город.', 'Ключь мне в... вы сделали это, их осталось не так много, мы сможем перебить их мелкие остатки сами. Надеюсь они больше не появятся. Спасибо ещё раз. Выберите достойную награду.', 'Что? Они ещё живы, они всех убьют!!', 'Убейте 40 кролей за 12 минут иначе все умрут');
-- QUESTGIVERS
-- Fixx Screw
DELETE FROM creature_template WHERE entry = 779001;
INSERT INTO `creature_template` (`entry`, `difficulty_entry_1`, `difficulty_entry_2`, `difficulty_entry_3`, `KillCredit1`, `KillCredit2`, `modelid_1`, `modelid_2`, `modelid_3`, `modelid_4`, `name`, `subname`, `IconName`, `gossip_menu_id`, `minlevel`, `maxlevel`, `minhealth`, `maxhealth`, `minmana`, `maxmana`, `armor`, `faction_A`, `faction_H`, `npcflag`, `speed_walk`, `speed_run`, `scale`, `rank`, `mindmg`, `maxdmg`, `dmgschool`, `attackpower`, `dmg_multiplier`, `baseattacktime`, `rangeattacktime`, `unit_class`, `unit_flags`, `dynamicflags`, `family`, `trainer_type`, `trainer_spell`, `trainer_class`, `trainer_race`, `minrangedmg`, `maxrangedmg`, `rangedattackpower`, `type`, `type_flags`, `lootid`, `pickpocketloot`, `skinloot`, `resistance1`, `resistance2`, `resistance3`, `resistance4`, `resistance5`, `resistance6`, `spell1`, `spell2`, `spell3`, `spell4`, `PetSpellDataId`, `mingold`, `maxgold`, `AIName`, `MovementType`, `InhabitType`, `unk16`, `unk17`, `RacialLeader`, `questItem1`, `questItem2`, `questItem3`, `questItem4`, `questItem5`, `questItem6`, `movementId`, `RegenHealth`, `equipment_id`, `trainer_id`, `vendor_id`, `mechanic_immune_mask`, `flags_extra`, `ScriptName`) 
VALUES (779001, 0, 0, 0, 0, 0, 11377, 0, 0, 0, 'Fixx Screw', 'Destroyer of rabbit', '', 0, 80, 80, 18398, 22398, 0, 0, 3234, 35, 35, 3, 1, 1.14286, 1, 1, 94, 125, 0, 228, 1, 2000, 0, 1, 0, 0, 0, 0, 0, 0, 0, 65, 95, 23, 7, 0, 0, 0, 0, 0, 0, 0, 0, 0, 0, 0, 0, 0, 0, 0, 0, 0, '', 0, 1, 1.3, 1, 0, 0, 0, 0, 0, 0, 0, 0, 1, 953, 0, 0, 11228199, 2, '');
-- Nixx Screw
DELETE FROM creature_template WHERE entry = 779002;
INSERT INTO `creature_template` (`entry`, `difficulty_entry_1`, `difficulty_entry_2`, `difficulty_entry_3`, `KillCredit1`, `KillCredit2`, `modelid_1`, `modelid_2`, `modelid_3`, `modelid_4`, `name`, `subname`, `IconName`, `gossip_menu_id`, `minlevel`, `maxlevel`, `minhealth`, `maxhealth`, `minmana`, `maxmana`, `armor`, `faction_A`, `faction_H`, `npcflag`, `speed_walk`, `speed_run`, `scale`, `rank`, `mindmg`, `maxdmg`, `dmgschool`, `attackpower`, `dmg_multiplier`, `baseattacktime`, `rangeattacktime`, `unit_class`, `unit_flags`, `dynamicflags`, `family`, `trainer_type`, `trainer_spell`, `trainer_class`, `trainer_race`, `minrangedmg`, `maxrangedmg`, `rangedattackpower`, `type`, `type_flags`, `lootid`, `pickpocketloot`, `skinloot`, `resistance1`, `resistance2`, `resistance3`, `resistance4`, `resistance5`, `resistance6`, `spell1`, `spell2`, `spell3`, `spell4`, `PetSpellDataId`, `mingold`, `maxgold`, `AIName`, `MovementType`, `InhabitType`, `unk16`, `unk17`, `RacialLeader`, `questItem1`, `questItem2`, `questItem3`, `questItem4`, `questItem5`, `questItem6`, `movementId`, `RegenHealth`, `equipment_id`, `trainer_id`, `vendor_id`, `mechanic_immune_mask`, `flags_extra`, `ScriptName`) 
VALUES (779002, 0, 0, 0, 0, 0, 11377, 0, 0, 0, 'Nixx Screw', 'Destroyer of rabbit', '', 0, 80, 80, 17398, 25398, 0, 0, 3234, 35, 35, 3, 1, 1.14286, 1, 1, 94, 125, 0, 228, 1, 2000, 0, 1, 0, 0, 0, 0, 0, 0, 0, 65, 95, 23, 7, 0, 0, 0, 0, 0, 0, 0, 0, 0, 0, 0, 0, 0, 0, 0, 0, 0, '', 0, 1, 1.3, 1, 0, 0, 0, 0, 0, 0, 0, 0, 1, 953, 0, 0, 11228199, 2, '');
DELETE FROM locales_creature WHERE entry = 779001;
INSERT INTO locales_creature VALUES (779001,'', '', '', '', '', '', '', 'Фиксс Шурупкин', NULL, NULL, NULL, NULL, NULL, NULL, NULL, 'Истребитель кроликов');
DELETE FROM locales_creature WHERE entry = 779002;
INSERT INTO locales_creature VALUES (779002,'', '', '', '', '', '', '', 'Никсс Шурупкин', NULL, NULL, NULL, NULL, NULL, NULL, NULL, 'Истребитель кроликов');
DELETE FROM `creature_ai_scripts` WHERE creature_id IN (779001, 779002);
INSERT INTO `creature_ai_scripts` VALUES 
(@CREATURE+218, 779001, 10, 0, 100, '0', '1', '50', '8500', '8500', '1', '-7790021', '0', '0', '0', '0', '0', '0', '0', '0', '0', '0', ''),
(@CREATURE+219, 779002, 10, 0, 100, '0', '1', '50', '8500', '8500', '1', '-7790021', '0', '0', '0', '0', '0', '0', '0', '0', '0', '0', '');
UPDATE `creature_template` SET `AIName` = 'EventAI' WHERE `entry` IN (779001, 779002);
DELETE FROM creature_ai_texts WHERE entry = -7790021;
INSERT INTO creature_ai_texts (`entry`, `content_default`, `content_loc8`, `type`, `comment`) VALUES (-7790021, 'Help...Help...Rabbit attack. They took our city!', 'Помогите!.Помогите!.Кролики атакуют.Кролики мутанты..Они захватили наш город.Прибамбасск..Помогите..(плачет).', 1, 'ИВЕНТ - НАШЕСТВИЕ КРОЛИКОВ');

-- Killed Rabbit
DELETE FROM creature_template WHERE entry = 779004;
INSERT INTO `creature_template` (`entry`, `difficulty_entry_1`, `difficulty_entry_2`, `difficulty_entry_3`, `KillCredit1`, `KillCredit2`, `modelid_1`, `modelid_2`, `modelid_3`, `modelid_4`, `name`, `subname`, `IconName`, `gossip_menu_id`, `minlevel`, `maxlevel`, `minhealth`, `maxhealth`, `minmana`, `maxmana`, `armor`, `faction_A`, `faction_H`, `npcflag`, `speed_walk`, `speed_run`, `scale`, `rank`, `mindmg`, `maxdmg`, `dmgschool`, `attackpower`, `dmg_multiplier`, `baseattacktime`, `rangeattacktime`, `unit_class`, `unit_flags`, `dynamicflags`, `family`, `trainer_type`, `trainer_spell`, `trainer_class`, `trainer_race`, `minrangedmg`, `maxrangedmg`, `rangedattackpower`, `type`, `type_flags`, `lootid`, `pickpocketloot`, `skinloot`, `resistance1`, `resistance2`, `resistance3`, `resistance4`, `resistance5`, `resistance6`, `spell1`, `spell2`, `spell3`, `spell4`, `PetSpellDataId`, `mingold`, `maxgold`, `AIName`, `MovementType`, `InhabitType`, `unk16`, `unk17`, `RacialLeader`, `questItem1`, `questItem2`, `questItem3`, `questItem4`, `questItem5`, `questItem6`, `movementId`, `RegenHealth`, `equipment_id`, `trainer_id`, `vendor_id`, `mechanic_immune_mask`, `flags_extra`, `ScriptName`) 
VALUES (779004, 0, 0, 0, 0, 0, 328, 0, 0, 0, 'Killed Rabbit', '', '', 0, 78, 80, 12000, 12300, 5100, 5800, 8500, 1614, 1614, 0, 1.16, 1.8, 2, 1, 220, 590, 0, 660, 6, 2000, 1457, 0, 768, 0, 1, 0, 0, 0, 0, 150, 190, 100, 1, 0, 0, 0, 0, 0, 0, 0, 0, 0, 0, 0, 0, 0, 0, 0, 4567, 10457, '', 0, 1, 1.2, 1, 0, 0, 0, 0, 0, 0, 0, 0, 1, 0, 0, 0, 75504345, 64, '');
DELETE FROM locales_creature WHERE entry = 779004;
INSERT INTO locales_creature VALUES (779004,'', '', '', '', '', '', '', 'Убитый кролик', NULL, NULL, NULL, NULL, NULL, NULL, NULL, NULL);

-- Permanent Feign Death
DELETE FROM creature_addon WHERE guid IN (@CREATURE+216, @CREATURE+217);
INSERT INTO creature_addon VALUES 
(@CREATURE+216, 0, 0, 1, 0, 0, 0, '29266 0'),
(@CREATURE+217, 0, 0, 1, 0, 0, 0, '29266 0');
-- Gadgetzan Destroyer of Rabbit
DELETE FROM creature_template WHERE entry = 779003;
INSERT INTO `creature_template` (`entry`, `difficulty_entry_1`, `difficulty_entry_2`, `difficulty_entry_3`, `KillCredit1`, `KillCredit2`, `modelid_1`, `modelid_2`, `modelid_3`, `modelid_4`, `name`, `subname`, `IconName`, `gossip_menu_id`, `minlevel`, `maxlevel`, `minhealth`, `maxhealth`, `minmana`, `maxmana`, `armor`, `faction_A`, `faction_H`, `npcflag`, `speed_walk`, `speed_run`, `scale`, `rank`, `mindmg`, `maxdmg`, `dmgschool`, `attackpower`, `dmg_multiplier`, `baseattacktime`, `rangeattacktime`, `unit_class`, `unit_flags`, `dynamicflags`, `family`, `trainer_type`, `trainer_spell`, `trainer_class`, `trainer_race`, `minrangedmg`, `maxrangedmg`, `rangedattackpower`, `type`, `type_flags`, `lootid`, `pickpocketloot`, `skinloot`, `resistance1`, `resistance2`, `resistance3`, `resistance4`, `resistance5`, `resistance6`, `spell1`, `spell2`, `spell3`, `spell4`, `PetSpellDataId`, `mingold`, `maxgold`, `AIName`, `MovementType`, `InhabitType`, `unk16`, `unk17`, `RacialLeader`, `questItem1`, `questItem2`, `questItem3`, `questItem4`, `questItem5`, `questItem6`, `movementId`, `RegenHealth`, `equipment_id`, `trainer_id`, `vendor_id`, `mechanic_immune_mask`, `flags_extra`, `ScriptName`) 
VALUES (779003, 0, 0, 0, 0, 0, 11377, 0, 0, 0, 'Gadgetzan Destroyer of Rabbit', '', '', 0, 80, 80, 38000, 48500, 0, 0, 42234, 475, 475, 0, 1, 1.14286, 1, 1, 94, 125, 0, 228, 3, 2000, 0, 1, 0, 0, 0, 0, 0, 0, 0, 65, 95, 1500, 7, 0, 0, 0, 0, 0, 0, 0, 0, 0, 0, 0, 0, 0, 0, 0, 0, 0, '', 0, 1, 1.3, 1, 0, 0, 0, 0, 0, 0, 0, 0, 1, 953, 0, 0, 11228199, 2, '');
DELETE FROM locales_creature WHERE entry = 779003;
INSERT INTO locales_creature VALUES (779003,'', '', '', '', '', '', '', 'Прибамбасский Истребитель Кроликов', NULL, NULL, NULL, NULL, NULL, NULL, NULL, '');

-- spawn
DELETE FROM `creature` WHERE `id`=779004;
INSERT INTO `creature` (`guid`,`id`,`map`,`spawnMask`,`phaseMask`,`modelid`,`equipment_id`,`position_x`,`position_y`,`position_z`,`orientation`,`spawntimesecs`,`spawndist`,`currentwaypoint`,`curhealth`,`curmana`,`DeathState`,`MovementType`) VALUES
(@CREATURE+216, 779004, 1, 1, 1, 0, 0, 1525.61, -4410.4, 14.2105, 0.237936, 25, 5, 0, 12000, 5100, 0, 0),
(@CREATURE+217, 779004, 0, 1, 1, 0, 0, -8833.15, 625.247, 93.893, 0.570549, 25, 5, 0, 12000, 5100, 0, 0);
DELETE FROM `creature` WHERE `id`=779001;
INSERT INTO `creature` (`guid`,`id`,`map`,`spawnMask`,`phaseMask`,`modelid`,`equipment_id`,`position_x`,`position_y`,`position_z`,`orientation`,`spawntimesecs`,`spawndist`,`currentwaypoint`,`curhealth`,`curmana`,`DeathState`,`MovementType`) VALUES
(@CREATURE+218, 779001, 1, 1, 1, 0, 953, 1525.27, -4408.65, 14.4361, 6.07894, 25, 5, 0, 18398, 0, 0, 0);
DELETE FROM `creature` WHERE `id`=779002;
INSERT INTO `creature` (`guid`,`id`,`map`,`spawnMask`,`phaseMask`,`modelid`,`equipment_id`,`position_x`,`position_y`,`position_z`,`orientation`,`spawntimesecs`,`spawndist`,`currentwaypoint`,`curhealth`,`curmana`,`DeathState`,`MovementType`) VALUES
(@CREATURE+219, 779002, 0, 1, 1, 0, 953, -8832.35, 624.302, 93.8737, 0.920054, 25, 5, 0, 17398, 0, 0, 0);

DELETE FROM `creature` WHERE `id`=779003;
INSERT INTO `creature` (`guid`,`id`,`map`,`spawnMask`,`phaseMask`,`modelid`,`equipment_id`,`position_x`,`position_y`,`position_z`,`orientation`,`spawntimesecs`,`spawndist`,`currentwaypoint`,`curhealth`,`curmana`,`DeathState`,`MovementType`) VALUES
(@CREATURE+1, 779003, 1, 1, 1, 0, 953, -7225.67, -3768.44, 8.46324, 5.99962, 150, 5, 0, 37398, 0, 0, 0),
(@CREATURE+2, 779003, 1, 1, 1, 0, 953, -7140.77, -3749.65, 8.42092, 4.59848, 150, 5, 0, 37398, 0, 0, 0),
(@CREATURE+3, 779003, 1, 1, 1, 0, 953, -7151.56, -3822.22, 8.38357, 5.14983, 150, 5, 0, 37398, 0, 0, 0),
(@CREATURE+4, 779003, 1, 1, 1, 0, 953, -7212.88, -3795.18, 9.61387, 1.24797, 150, 5, 0, 37398, 0, 0, 0),
(@CREATURE+5, 779003, 1, 1, 1, 0, 953, -7222.23, -3832.23, 9.57122, 2.46298, 150, 5, 0, 37398, 0, 0, 0),
(@CREATURE+6, 779003, 1, 1, 1, 0, 953, -7192.92, -3849.95, 9.99301, 2.38523, 150, 5, 0, 37398, 0, 0, 0),
(@CREATURE+7, 779003, 1, 1, 1, 0, 953, -7109.86, -3790.18, 8.37089, 0.560744, 150, 5, 0, 37398, 0, 0, 0),
(@CREATURE+8, 779003, 1, 1, 1, 0, 953, -7186, -3806.92, 8.79964, 3.09758, 150, 5, 0, 37398, 0, 0, 0),
(@CREATURE+9, 779003, 1, 1, 1, 0, 953, -7186.02, -3803.25, 9.08051, 3.09286, 150, 5, 0, 37398, 0, 0, 0),
(@CREATURE+10, 779003, 1, 1, 1, 0, 953, -7186.96, -3800.86, 9.39977, 3.08344, 150, 5, 0, 37398, 0, 0, 0),
(@CREATURE+11, 779003, 1, 1, 1, 0, 953, -7210.12, -3803.5, -1.17538, 3.07009, 150, 5, 0, 37398, 0, 0, 0),
(@CREATURE+12, 779003, 1, 1, 1, 0, 953, -7209.44, -3802.49, -1.17395, 3.0426, 150, 5, 0, 37398, 0, 0, 0),
(@CREATURE+13, 779003, 1, 1, 1, 0, 953, -7209.15, -3806.34, -1.17432, 3.17062, 150, 5, 0, 37398, 0, 0, 0),
(@CREATURE+14, 779003, 1, 1, 1, 0, 953, -7232.37, -3805.63, -1.12382, 6.15671, 150, 5, 0, 37398, 0, 0, 0),
(@CREATURE+15, 779003, 1, 1, 1, 0, 953, -7233.83, -3797.21, -1.12907, 6.04518, 150, 5, 0, 37398, 0, 0, 0),
(@CREATURE+16, 779003, 1, 1, 1, 0, 953, -7184.08, -3835.44, 8.87401, 3.93796, 150, 5, 0, 37398, 0, 0, 0),
(@CREATURE+17, 779003, 1, 1, 1, 0, 953, -7099.94, -3757.23, 8.37087, 2.62714, 150, 5, 0, 37398, 0, 0, 0),
(@CREATURE+18, 779003, 1, 1, 1, 0, 953, -7162.75, -3760.78, 8.37042, 6.01377, 150, 5, 0, 37398, 0, 0, 0),
(@CREATURE+19, 779003, 1, 1, 1, 0, 953, -7138.97, -3749.97, 8.43539, 3.36618, 150, 5, 0, 37398, 0, 0, 0),
(@CREATURE+20, 779003, 1, 1, 1, 0, 953, -7164.02, -3758.44, 8.39505, 4.77047, 150, 5, 0, 37398, 0, 0, 0),
(@CREATURE+21, 779003, 1, 1, 1, 0, 953, -7191.99, -3769.85, 8.92614, 2.17159, 150, 5, 0, 37398, 0, 0, 0),
(@CREATURE+22, 779003, 1, 1, 1, 0, 953, -7137.43, -3819.57, 8.70778, 1.06182, 150, 5, 0, 37398, 0, 0, 0),
(@CREATURE+23, 779003, 1, 1, 1, 0, 953, -7226.29, -3770.54, 8.40404, 6.00354, 150, 5, 0, 37398, 0, 0, 0),
(@CREATURE+24, 779003, 1, 1, 1, 0, 953, -7227.23, -3772.39, 8.38159, 6.01218, 150, 5, 0, 37398, 0, 0, 0),
(@CREATURE+25, 779003, 1, 1, 1, 0, 953, -7228.02, -3767.69, 8.56314, 5.96899, 150, 5, 0, 37398, 0, 0, 0),
(@CREATURE+26, 779003, 1, 1, 1, 0, 953, -7228.68, -3769.64, 8.4834, 5.95721, 150, 5, 0, 37398, 0, 0, 0),
(@CREATURE+27, 779003, 1, 1, 1, 0, 953, -7229.36, -3771.65, 8.4368, 5.95328, 150, 5, 0, 37398, 0, 0, 0),
(@CREATURE+28, 779003, 1, 1, 1, 0, 953, -7227.59, -3765.61, 8.72294, 5.90223, 150, 5, 0, 37398, 0, 0, 0),
(@CREATURE+29, 779003, 1, 1, 1, 0, 953, -7225.49, -3766.45, 8.56481, 5.90223, 150, 5, 0, 37398, 0, 0, 0),
(@CREATURE+30, 779003, 1, 1, 1, 0, 953, -7228.22, -3774.32, 8.41149, 6.03575, 150, 5, 0, 37398, 0, 0, 0),
(@CREATURE+31, 779003, 1, 1, 1, 0, 953, -7229.92, -3773.65, 8.4339, 5.90616, 150, 5, 0, 37398, 0, 0, 0),
(@CREATURE+32, 779003, 1, 1, 1, 0, 953, -7222.44, -3772.32, 8.37101, 2.76064, 150, 5, 0, 37398, 0, 0, 0),
(@CREATURE+33, 779003, 1, 1, 1, 0, 953, -7231.75, -3771.17, 8.48602, 5.93523, 150, 5, 0, 37398, 0, 0, 0),
(@CREATURE+34, 779003, 1, 1, 1, 0, 953, -7231.37, -3768.66, 8.6173, 5.91952, 150, 5, 0, 37398, 0, 0, 0),
(@CREATURE+35, 779003, 1, 1, 1, 0, 953, -7230.59, -3766.82, 8.7368, 5.91559, 150, 5, 0, 37398, 0, 0, 0),
(@CREATURE+36, 779003, 1, 1, 1, 0, 953, -7229.76, -3764.91, 8.91642, 5.9313, 150, 5, 0, 37398, 0, 0, 0),
(@CREATURE+37, 779003, 1, 1, 1, 0, 953, -7232.38, -3773.14, 8.4517, 6.05303, 150, 5, 0, 37398, 0, 0, 0),
(@CREATURE+38, 779003, 1, 1, 1, 0, 953, -7076.5, -3753.11, 8.79103, 3.24288, 150, 5, 0, 37398, 0, 0, 0),
(@CREATURE+39, 779003, 1, 1, 1, 0, 953, -7076.12, -3754.6, 8.802, 3.1447, 150, 5, 0, 37398, 0, 0, 0),
(@CREATURE+40, 779003, 1, 1, 1, 0, 953, -7076.34, -3756.29, 8.79608, 3.05831, 150, 5, 0, 37398, 0, 0, 0),
(@CREATURE+41, 779003, 1, 1, 1, 0, 953, -7076.59, -3757.72, 8.79644, 2.97192, 150, 5, 0, 37398, 0, 0, 0),
(@CREATURE+42, 779003, 1, 1, 1, 0, 953, -7077.37, -3759.11, 8.78978, 2.76771, 150, 5, 0, 37398, 0, 0, 0),
(@CREATURE+43, 779003, 1, 1, 1, 0, 953, -7078.36, -3760.55, 8.78237, 2.42999, 150, 5, 0, 37398, 0, 0, 0),
(@CREATURE+44, 779003, 1, 1, 1, 0, 953, -7079.44, -3761.51, 8.78162, 2.29255, 150, 5, 0, 37398, 0, 0, 0),
(@CREATURE+45, 779003, 1, 1, 1, 0, 953, -7080.64, -3761.97, 8.78932, 2.18259, 150, 5, 0, 37398, 0, 0, 0),
(@CREATURE+46, 779003, 1, 1, 1, 0, 953, -7081.83, -3762.33, 8.79924, 2.10798, 150, 5, 0, 37398, 0, 0, 0),
(@CREATURE+47, 779003, 1, 1, 1, 0, 953, -7076.88, -3751.59, 8.77485, 3.60416, 150, 5, 0, 37398, 0, 0, 0),
(@CREATURE+48, 779003, 1, 1, 1, 0, 953, -7077.85, -3750.22, 8.74283, 3.80051, 150, 5, 0, 37398, 0, 0, 0),
(@CREATURE+49, 779003, 1, 1, 1, 0, 953, -7081.19, -3756.64, 8.76603, 6.05146, 150, 5, 0, 37398, 0, 0, 0),
(@CREATURE+50, 779003, 1, 1, 1, 0, 953, -7074.74, -3756.5, 8.81973, 2.80385, 150, 5, 0, 37398, 0, 0, 0),
(@CREATURE+51, 779003, 1, 1, 1, 0, 953, -7075.36, -3757.99, 8.80676, 2.69389, 150, 5, 0, 37398, 0, 0, 0),
(@CREATURE+52, 779003, 1, 1, 1, 0, 953, -7076.1, -3759.76, 8.79375, 2.52503, 150, 5, 0, 37398, 0, 0, 0),
(@CREATURE+53, 779003, 1, 1, 1, 0, 953, -7077.28, -3761.17, 8.78325, 2.34439, 150, 5, 0, 37398, 0, 0, 0),
(@CREATURE+54, 779003, 1, 1, 1, 0, 953, -7078.35, -3761.98, 8.78333, 2.15197, 150, 5, 0, 37398, 0, 0, 0),
(@CREATURE+55, 779003, 1, 1, 1, 0, 953, -7074.47, -3754.7, 8.83017, 2.97664, 150, 5, 0, 37398, 0, 0, 0),
(@CREATURE+56, 779003, 1, 1, 1, 0, 953, -7073.51, -3757.1, 8.84909, 2.72138, 150, 5, 0, 37398, 0, 0, 0),
(@CREATURE+57, 779003, 1, 1, 1, 0, 953, -7074.16, -3758.54, 8.83362, 2.7096, 150, 5, 0, 37398, 0, 0, 0),
(@CREATURE+58, 779003, 1, 1, 1, 0, 953, -7075.14, -3759.92, 8.80281, 2.58787, 150, 5, 0, 37398, 0, 0, 0),
(@CREATURE+59, 779003, 1, 1, 1, 0, 953, -7076.17, -3761.62, 8.78807, 2.51325, 150, 5, 0, 37398, 0, 0, 0),
(@CREATURE+60, 779003, 1, 1, 1, 0, 953, -7077.58, -3762.91, 8.7851, 2.23444, 150, 5, 0, 37398, 0, 0, 0),
(@CREATURE+61, 779003, 1, 1, 1, 0, 953, -7073, -3755.3, 8.86226, 2.88633, 150, 5, 0, 37398, 0, 0, 0),
(@CREATURE+63, 779003, 1, 1, 1, 0, 953, -7231.47, -3776.24, 8.46005, 0.462592, 150, 5, 0, 37398, 0, 0, 0),
(@CREATURE+64, 779003, 1, 1, 1, 0, 953, -7226.73, -3763.58, 8.90536, 5.22211, 150, 5, 0, 37398, 0, 0, 0),
(@CREATURE+65, 779003, 1, 1, 1, 0, 953, -7231.36, -3764.27, 9.09387, 5.87006, 150, 5, 0, 37398, 0, 0, 0),
(@CREATURE+66, 779003, 1, 1, 1, 0, 953, -7232.38, -3766.06, 8.91678, 5.88576, 150, 5, 0, 37398, 0, 0, 0),
(@CREATURE+67, 779003, 1, 1, 1, 0, 953, -7232.88, -3768.03, 8.75007, 5.89754, 150, 5, 0, 37398, 0, 0, 0),
(@CREATURE+68, 779003, 1, 1, 1, 0, 953, -7233.5, -3770.47, 8.57292, 5.92896, 150, 5, 0, 37398, 0, 0, 0),
(@CREATURE+69, 779003, 1, 1, 1, 0, 953, -7234.2, -3772.66, 8.44039, 5.92896, 150, 5, 0, 37398, 0, 0, 0),
(@CREATURE+70, 779003, 1, 1, 1, 0, 953, -7230.36, -3777.22, 8.4947, 0.949534, 150, 5, 0, 37398, 0, 0, 0),
(@CREATURE+71, 779003, 1, 1, 1, 0, 953, -7228.1, -3763.51, 8.98558, 5.0611, 150, 5, 0, 37398, 0, 0, 0),
(@CREATURE+72, 779003, 1, 1, 1, 0, 953, -7082.67, -3802, 8.43772, 2.83922, 150, 5, 0, 37398, 0, 0, 0),
(@CREATURE+73, 779003, 1, 1, 1, 0, 953, -7079.81, -3805.71, 8.56615, 2.76853, 150, 5, 0, 37398, 0, 0, 0),
(@CREATURE+74, 779003, 1, 1, 1, 0, 953, -7079.26, -3804.3, 8.61232, 2.76461, 150, 5, 0, 37398, 0, 0, 0),
(@CREATURE+75, 779003, 1, 1, 1, 0, 953, -7078.49, -3803.25, 8.70787, 2.84315, 150, 5, 0, 37398, 0, 0, 0),
(@CREATURE+76, 779003, 1, 1, 1, 0, 953, -7078, -3801.67, 8.82431, 2.83529, 150, 5, 0, 37398, 0, 0, 0),
(@CREATURE+77, 779003, 1, 1, 1, 0, 953, -7076.44, -3802.04, 8.89926, 2.78031, 150, 5, 0, 37398, 0, 0, 0),
(@CREATURE+78, 779003, 1, 1, 1, 0, 953, -7076.85, -3803.45, 8.8234, 2.67821, 150, 5, 0, 37398, 0, 0, 0),
(@CREATURE+79, 779003, 1, 1, 1, 0, 953, -7077.9, -3804.84, 8.69944, 2.59967, 150, 5, 0, 37398, 0, 0, 0),
(@CREATURE+80, 779003, 1, 1, 1, 0, 953, -7078.51, -3806.39, 8.62717, 2.5604, 150, 5, 0, 37398, 0, 0, 0),
(@CREATURE+81, 779003, 1, 1, 1, 0, 953, -7075.01, -3802.64, 8.98618, 2.61931, 150, 5, 0, 37398, 0, 0, 0),
(@CREATURE+82, 779003, 1, 1, 1, 0, 953, -7075.45, -3803.91, 8.91766, 2.6036, 150, 5, 0, 37398, 0, 0, 0),
(@CREATURE+83, 779003, 1, 1, 1, 0, 953, -7076.46, -3805.2, 8.80302, 2.58004, 150, 5, 0, 37398, 0, 0, 0),
(@CREATURE+84, 779003, 1, 1, 1, 0, 953, -7077.42, -3806.84, 8.69552, 2.57611, 150, 5, 0, 37398, 0, 0, 0),
(@CREATURE+85, 779003, 1, 1, 1, 0, 953, -7076.19, -3807.54, 8.78384, 2.4583, 150, 5, 0, 37398, 0, 0, 0),
(@CREATURE+86, 779003, 1, 1, 1, 0, 953, -7075.13, -3805.85, 8.90286, 2.46616, 150, 5, 0, 37398, 0, 0, 0),
(@CREATURE+87, 779003, 1, 1, 1, 0, 953, -7074.31, -3804.39, 9.00057, 2.48972, 150, 5, 0, 37398, 0, 0, 0),
(@CREATURE+88, 779003, 1, 1, 1, 0, 953, -7073.71, -3803.17, 9.06792, 2.48972, 150, 5, 0, 37398, 0, 0, 0),
(@CREATURE+89, 779003, 1, 1, 1, 0, 953, -7072.38, -3803.82, 9.17396, 2.48579, 150, 5, 0, 37398, 0, 0, 0),
(@CREATURE+90, 779003, 1, 1, 1, 0, 953, -7073.19, -3804.87, 9.09162, 2.48186, 150, 5, 0, 37398, 0, 0, 0),
(@CREATURE+91, 779003, 1, 1, 1, 0, 953, -7074.02, -3806.26, 8.99577, 2.47794, 150, 5, 0, 37398, 0, 0, 0),
(@CREATURE+92, 779003, 1, 1, 1, 0, 953, -7075.03, -3807.91, 8.87278, 2.47794, 150, 5, 0, 37398, 0, 0, 0);

DELETE FROM `creature` WHERE `id`=779000;
INSERT INTO `creature` (`guid`,`id`,`map`,`spawnMask`,`phaseMask`,`modelid`,`equipment_id`,`position_x`,`position_y`,`position_z`,`orientation`,`spawntimesecs`,`spawndist`,`currentwaypoint`,`curhealth`,`curmana`,`DeathState`,`MovementType`) VALUES
(@CREATURE+93, 779000, 1, 1, 1, 0, 0, -7192.04, -3792.97, 9.49347, 6.07422, 50, 5, 0, 12150, 5450, 0, 1),
(@CREATURE+94, 779000, 1, 1, 1, 0, 0, -7197.24, -3782.58, 8.38277, 3.87511, 50, 5, 0, 12150, 5450, 0, 1),
(@CREATURE+95, 779000, 1, 1, 1, 0, 0, -7190.49, -3764.71, 9.03515, 3.63163, 50, 5, 0, 12150, 5450, 0, 1),
(@CREATURE+96, 779000, 1, 1, 1, 0, 0, -7185.97, -3758.64, 8.43148, 2.68916, 50, 5, 0, 12300, 5800, 0, 1),
(@CREATURE+97, 779000, 1, 1, 1, 0, 0, -7128.71, -3747.04, 8.38258, 3.45099, 50, 5, 0, 12150, 5450, 0, 1),
(@CREATURE+98, 779000, 1, 1, 1, 0, 0, -7147.32, -3827.32, 10.088, 5.40584, 50, 5, 0, 12000, 5100, 0, 1),
(@CREATURE+99, 779000, 1, 1, 1, 0, 0, -7158.37, -3823.35, 8.51862, 5.15451, 50, 5, 0, 12150, 5450, 0, 1),
(@CREATURE+100, 779000, 1, 1, 1, 0, 0, -7163.85, -3800.12, 9.02204, 0.932992, 50, 5, 0, 12000, 5100, 0, 1),
(@CREATURE+101, 779000, 1, 1, 1, 0, 0, -7162.36, -3796.25, 9.32162, 5.75926, 50, 5, 0, 12150, 5450, 0, 1),
(@CREATURE+102, 779000, 1, 1, 1, 0, 0, -7161.77, -3801.37, 9.11258, 1.37281, 50, 5, 0, 12300, 5800, 0, 1),
(@CREATURE+103, 779000, 1, 1, 1, 0, 0, -7144.91, -3830.36, 8.44846, 3.93714, 50, 5, 0, 12150, 5450, 0, 1),
(@CREATURE+104, 779000, 1, 1, 1, 0, 0, -7160.35, -3824.58, 8.59861, 4.48299, 50, 5, 0, 12150, 5450, 0, 1),
(@CREATURE+105, 779000, 1, 1, 1, 0, 0, -7138.62, -3815.28, 9.05404, 2.2289, 50, 5, 0, 12000, 5100, 0, 1),
(@CREATURE+106, 779000, 1, 1, 1, 0, 0, -7134.73, -3817.77, 8.72408, 2.33493, 50, 5, 0, 12000, 5100, 0, 1),
(@CREATURE+107, 779000, 1, 1, 1, 0, 0, -7137.82, -3815.08, 9.05427, 0.387142, 50, 5, 0, 12000, 5100, 0, 1),
(@CREATURE+108, 779000, 1, 1, 1, 0, 0, -7137.41, -3812.65, 9.18446, 5.12702, 50, 5, 0, 12300, 5800, 0, 1),
(@CREATURE+109, 779000, 1, 1, 1, 0, 0, -7133.96, -3815.3, 8.84779, 1.95009, 50, 5, 0, 12000, 5100, 0, 1),
(@CREATURE+110, 779000, 1, 1, 1, 0, 0, -7134.5, -3814.33, 8.94787, 2.69622, 50, 5, 0, 12000, 5100, 0, 1),
(@CREATURE+111, 779000, 1, 1, 1, 0, 0, -7138.3, -3815, 9.06664, 1.87155, 50, 5, 0, 12000, 5100, 0, 1),
(@CREATURE+112, 779000, 1, 1, 1, 0, 0, -7108.63, -3787.35, 8.37337, 3.29627, 50, 5, 0, 12000, 5100, 0, 0),
(@CREATURE+113, 779000, 1, 1, 1, 0, 0, -7108.36, -3789.08, 8.37116, 3.29627, 50, 5, 0, 12000, 5100, 0, 0),
(@CREATURE+114, 779000, 1, 1, 1, 0, 0, -7108.02, -3791.23, 8.36943, 3.29627, 50, 5, 0, 12000, 5100, 0, 0),
(@CREATURE+115, 779000, 1, 1, 1, 0, 0, -7105.49, -3790.84, 8.36943, 3.31198, 50, 5, 0, 12000, 5100, 0, 0),
(@CREATURE+116, 779000, 1, 1, 1, 0, 0, -7105.88, -3788.61, 8.38946, 3.32768, 50, 5, 0, 12000, 5100, 0, 0),
(@CREATURE+117, 779000, 1, 1, 1, 0, 0, -7106.6, -3786.88, 8.40853, 3.35517, 50, 5, 0, 12000, 5100, 0, 0),
(@CREATURE+118, 779000, 1, 1, 1, 0, 0, -7112.16, -3757.13, 8.37037, 0.170375, 50, 5, 0, 12000, 5100, 0, 0),
(@CREATURE+119, 779000, 1, 1, 1, 0, 0, -7110.23, -3756.83, 8.37037, 0.138959, 50, 5, 0, 12000, 5100, 0, 0),
(@CREATURE+120, 779000, 1, 1, 1, 0, 0, -7107.83, -3756.5, 8.37037, 0.138959, 50, 5, 0, 12000, 5100, 0, 0),
(@CREATURE+121, 779000, 1, 1, 1, 0, 0, -7105.6, -3757.42, 8.37037, 0.138959, 50, 5, 0, 12000, 5100, 0, 0),
(@CREATURE+122, 779000, 1, 1, 1, 0, 0, -7105.44, -3755.73, 8.37037, 0.138959, 50, 5, 0, 12000, 5100, 0, 0),
(@CREATURE+123, 779000, 1, 1, 1, 0, 0, -7104.75, -3759.1, 8.37155, 0.162521, 50, 5, 0, 12000, 5100, 0, 0),
(@CREATURE+124, 779000, 1, 1, 1, 0, 0, -7104.97, -3753.59, 8.37043, 0.154667, 50, 5, 0, 12000, 5100, 0, 0),
(@CREATURE+125, 779000, 1, 1, 1, 0, 0, -7102.59, -3757.45, 8.36988, 0.182156, 50, 5, 0, 12000, 5100, 0, 0),
(@CREATURE+126, 779000, 1, 1, 1, 0, 0, -7102.72, -3754.46, 8.37312, 0.158594, 50, 5, 0, 12000, 5100, 0, 0),
(@CREATURE+127, 779000, 1, 1, 1, 0, 0, -7100.82, -3755.48, 8.37203, 0.178229, 50, 5, 0, 12000, 5100, 0, 0),
(@CREATURE+128, 779000, 1, 1, 1, 0, 0, -7141.92, -3750.83, 8.44012, 0.40599, 50, 5, 0, 12000, 5100, 0, 0),
(@CREATURE+129, 779000, 1, 1, 1, 0, 0, -7146.9, -3749.34, 8.36993, 0.229276, 50, 5, 0, 12000, 5100, 0, 0),
(@CREATURE+130, 779000, 1, 1, 1, 0, 0, -7146.2, -3752.11, 8.40334, 0.351012, 50, 5, 0, 12000, 5100, 0, 0),
(@CREATURE+131, 779000, 1, 1, 1, 0, 0, -7144.73, -3754.52, 8.49275, 0.374574, 50, 5, 0, 12000, 5100, 0, 0),
(@CREATURE+132, 779000, 1, 1, 1, 0, 0, -7143.47, -3756.63, 8.66666, 0.570924, 50, 5, 0, 12000, 5100, 0, 0),
(@CREATURE+133, 779000, 1, 1, 1, 0, 0, -7141.44, -3758.24, 9.07762, 0.47275, 50, 5, 0, 12000, 5100, 0, 0),
(@CREATURE+134, 779000, 1, 1, 1, 0, 0, -7138.6, -3756.18, 9.04757, 0.645538, 50, 5, 0, 12000, 5100, 0, 0),
(@CREATURE+135, 779000, 1, 1, 1, 0, 0, -7136.98, -3754.3, 8.89946, 0.390283, 50, 5, 0, 12000, 5100, 0, 0),
(@CREATURE+136, 779000, 1, 1, 1, 0, 0, -7135.14, -3751.73, 8.65915, 0.390283, 50, 5, 0, 12000, 5100, 0, 0),
(@CREATURE+137, 779000, 1, 1, 1, 0, 0, -7133.75, -3748.69, 8.42828, 0.390283, 50, 5, 0, 12000, 5100, 0, 0),
(@CREATURE+138, 779000, 1, 1, 1, 0, 0, -7136.22, -3747.3, 8.3971, 0.390283, 50, 5, 0, 12000, 5100, 0, 0),
(@CREATURE+139, 779000, 1, 1, 1, 0, 0, -7138.85, -3745.69, 8.37137, 0.390283, 50, 5, 0, 12000, 5100, 0, 0),
(@CREATURE+140, 779000, 1, 1, 1, 0, 0, -7141.84, -3744.9, 8.37345, 0.39421, 50, 5, 0, 12000, 5100, 0, 0),
(@CREATURE+141, 779000, 1, 1, 1, 0, 0, -7144.11, -3745.85, 8.37092, 0.39421, 50, 5, 0, 12000, 5100, 0, 0),
(@CREATURE+142, 779000, 1, 1, 1, 0, 0, -7146.43, -3746.81, 8.37092, 0.398137, 50, 5, 0, 12000, 5100, 0, 0),
(@CREATURE+143, 779000, 1, 1, 1, 0, 0, -7165, -3753.75, 8.49277, 5.0202, 50, 5, 0, 12000, 5100, 0, 0),
(@CREATURE+144, 779000, 1, 1, 1, 0, 0, -7166.48, -3765.15, 8.37051, 1.53303, 50, 5, 0, 12000, 5100, 0, 0),
(@CREATURE+145, 779000, 1, 1, 1, 0, 0, -7162.79, -3764.68, 8.37051, 1.91002, 50, 5, 0, 12000, 5100, 0, 0),
(@CREATURE+146, 779000, 1, 1, 1, 0, 0, -7159.82, -3763.48, 8.37051, 2.04354, 50, 5, 0, 12000, 5100, 0, 0),
(@CREATURE+147, 779000, 1, 1, 1, 0, 0, -7157.59, -3762.71, 8.38135, 2.09852, 50, 5, 0, 12000, 5100, 0, 0),
(@CREATURE+148, 779000, 1, 1, 1, 0, 0, -7159.49, -3759.29, 8.37072, 2.1692, 50, 5, 0, 12000, 5100, 0, 0),
(@CREATURE+149, 779000, 1, 1, 1, 0, 0, -7161.6, -3760.23, 8.37072, 2.13386, 50, 5, 0, 12000, 5100, 0, 0),
(@CREATURE+150, 779000, 1, 1, 1, 0, 0, -7164.25, -3761.09, 8.37072, 2.02783, 50, 5, 0, 12000, 5100, 0, 0),
(@CREATURE+151, 779000, 1, 1, 1, 0, 0, -7166.54, -3761.07, 8.39358, 1.67833, 50, 5, 0, 12000, 5100, 0, 0),
(@CREATURE+152, 779000, 1, 1, 1, 0, 0, -7221.53, -3797.46, -1.12563, 3.22164, 50, 5, 0, 12000, 5100, 0, 0),
(@CREATURE+153, 779000, 1, 1, 1, 0, 0, -7221.5, -3800.38, -1.12822, 3.21771, 50, 5, 0, 12000, 5100, 0, 0),
(@CREATURE+154, 779000, 1, 1, 1, 0, 0, -7221.28, -3802.93, -1.14778, 3.21771, 50, 5, 0, 12000, 5100, 0, 0),
(@CREATURE+155, 779000, 1, 1, 1, 0, 0, -7221.3, -3805.69, -1.13937, 3.20986, 50, 5, 0, 12000, 5100, 0, 0),
(@CREATURE+156, 779000, 1, 1, 1, 0, 0, -7221.4, -3808.67, -1.12596, 3.20986, 50, 5, 0, 12000, 5100, 0, 0),
(@CREATURE+157, 779000, 1, 1, 1, 0, 0, -7236.62, -3802.92, -1.146, 6.26113, 50, 5, 0, 12000, 5100, 0, 0),
(@CREATURE+158, 779000, 1, 1, 1, 0, 0, -7224.22, -3795.27, -1.12578, 3.19415, 50, 5, 0, 12000, 5100, 0, 0),
(@CREATURE+159, 779000, 1, 1, 1, 0, 0, -7229.68, -3795.57, -1.12578, 3.19808, 50, 5, 0, 12000, 5100, 0, 0),
(@CREATURE+160, 779000, 1, 1, 1, 0, 0, -7224.86, -3798.06, -1.12578, 3.19808, 50, 5, 0, 12000, 5100, 0, 0),
(@CREATURE+161, 779000, 1, 1, 1, 0, 0, -7230.19, -3798.36, -1.12578, 3.19808, 50, 5, 0, 12000, 5100, 0, 0),
(@CREATURE+162, 779000, 1, 1, 1, 0, 0, -7229.76, -3801.14, -1.12578, 3.20201, 50, 5, 0, 12000, 5100, 0, 0),
(@CREATURE+163, 779000, 1, 1, 1, 0, 0, -7225.41, -3800.87, -1.12578, 3.20201, 50, 5, 0, 12000, 5100, 0, 0),
(@CREATURE+164, 779000, 1, 1, 1, 0, 0, -7225.72, -3803.29, -1.13927, 3.20201, 50, 5, 0, 12000, 5100, 0, 0),
(@CREATURE+165, 779000, 1, 1, 1, 0, 0, -7230.06, -3803.56, -1.13025, 3.20593, 50, 5, 0, 12000, 5100, 0, 0),
(@CREATURE+166, 779000, 1, 1, 1, 0, 0, -7230.57, -3806.42, -1.12576, 3.21379, 50, 5, 0, 12000, 5100, 0, 0),
(@CREATURE+167, 779000, 1, 1, 1, 0, 0, -7225.89, -3806.09, -1.12576, 3.21771, 50, 5, 0, 12000, 5100, 0, 0),
(@CREATURE+168, 779000, 1, 1, 1, 0, 0, -7226.38, -3809, -1.12591, 3.21771, 50, 5, 0, 12000, 5100, 0, 0),
(@CREATURE+169, 779000, 1, 1, 1, 0, 0, -7230.87, -3809.34, -1.12591, 3.22949, 50, 5, 0, 12000, 5100, 0, 0),
(@CREATURE+170, 779000, 1, 1, 1, 0, 0, -7198.56, -3823.45, 8.55986, 1.50162, 50, 5, 0, 12000, 5100, 0, 0),
(@CREATURE+171, 779000, 1, 1, 1, 0, 0, -7203.79, -3823.13, 8.55981, 3.65754, 50, 5, 0, 12000, 5100, 0, 0),
(@CREATURE+172, 779000, 1, 1, 1, 0, 0, -7203.15, -3825.85, 8.5598, 4.00704, 50, 5, 0, 12000, 5100, 0, 0),
(@CREATURE+173, 779000, 1, 1, 1, 0, 0, -7200.14, -3829.12, 8.5598, 3.67717, 50, 5, 0, 12000, 5100, 0, 0),
(@CREATURE+174, 779000, 1, 1, 1, 0, 0, -7202.4, -3827.86, 8.55979, 4.12485, 50, 5, 0, 12000, 5100, 0, 0),
(@CREATURE+175, 779000, 1, 1, 1, 0, 0, -7200, -3830.82, 8.55979, 3.75964, 50, 5, 0, 12000, 5100, 0, 0),
(@CREATURE+176, 779000, 1, 1, 1, 0, 0, -7196.04, -3829.7, 8.55979, 4.83563, 50, 5, 0, 12000, 5100, 0, 0),
(@CREATURE+177, 779000, 1, 1, 1, 0, 0, -7182.33, -3825.98, 8.78388, 2.63652, 50, 5, 0, 12000, 5100, 0, 0),
(@CREATURE+178, 779000, 1, 1, 1, 0, 0, -7176.81, -3830.7, 8.93511, 0.916499, 50, 5, 0, 12000, 5100, 0, 0),
(@CREATURE+179, 779000, 1, 1, 1, 0, 0, -7181.66, -3836.75, 8.89331, 2.65223, 50, 5, 0, 12000, 5100, 0, 0),
(@CREATURE+180, 779000, 1, 1, 1, 0, 0, -7187.19, -3851.29, 9.44753, 3.20594, 50, 5, 0, 12000, 5100, 0, 0),
(@CREATURE+181, 779000, 1, 1, 1, 0, 0, -7189.3, -3851.15, 9.69914, 5.93519, 50, 5, 0, 12000, 5100, 0, 0),
(@CREATURE+182, 779000, 1, 1, 1, 0, 0, -7197.65, -3846.83, 9.75424, 3.61828, 50, 5, 0, 12000, 5100, 0, 0),
(@CREATURE+183, 779000, 1, 1, 1, 0, 0, -7196.14, -3846.33, 9.57381, 3.17846, 50, 5, 0, 12000, 5100, 0, 0),
(@CREATURE+184, 779000, 1, 1, 1, 0, 0, -7196.23, -3844.39, 9.22852, 1.81186, 50, 5, 0, 12000, 5100, 0, 0),
(@CREATURE+185, 779000, 1, 1, 1, 0, 0, -7215.09, -3837.48, 9.29199, 5.6721, 50, 5, 0, 12000, 5100, 0, 0),
(@CREATURE+186, 779000, 1, 1, 1, 0, 0, -7213.82, -3838.45, 9.34233, 1.89826, 50, 5, 0, 12000, 5100, 0, 0),
(@CREATURE+187, 779000, 1, 1, 1, 0, 0, -7222.15, -3817.08, 9.79479, 2.7779, 50, 5, 0, 12000, 5100, 0, 0),
(@CREATURE+188, 779000, 1, 1, 1, 0, 0, -7222.27, -3827.51, 9.29185, 4.86706, 50, 5, 0, 12000, 5100, 0, 0),
(@CREATURE+189, 779000, 1, 1, 1, 0, 0, -7225.92, -3827.65, 10.058, 3.46905, 50, 5, 0, 12000, 5100, 0, 0),
(@CREATURE+190, 779000, 1, 1, 1, 0, 0, -7226.14, -3824.02, 10.1575, 2.76612, 50, 5, 0, 12000, 5100, 0, 0),
(@CREATURE+191, 779000, 1, 1, 1, 0, 0, -7220.71, -3823.8, 9.22867, 1.57624, 50, 5, 0, 12000, 5100, 0, 0),
(@CREATURE+192, 779000, 1, 1, 1, 0, 0, -7219.58, -3821.55, 9.13466, 3.39444, 50, 5, 0, 12000, 5100, 0, 0),
(@CREATURE+193, 779000, 1, 1, 1, 0, 0, -7217.66, -3819.34, 8.94916, 4.43902, 50, 5, 0, 12000, 5100, 0, 0),
(@CREATURE+194, 779000, 1, 1, 1, 0, 0, -7212.29, -3813.51, 8.84846, 2.42055, 50, 5, 0, 12000, 5100, 0, 0),
(@CREATURE+195, 779000, 1, 1, 1, 0, 0, -7210.09, -3813.96, 8.79056, 0.131109, 50, 5, 0, 12000, 5100, 0, 0),
(@CREATURE+196, 779000, 1, 1, 1, 0, 0, -7214.48, -3798.4, 9.77826, 1.63515, 50, 5, 0, 12000, 5100, 0, 0),
(@CREATURE+197, 779000, 1, 1, 1, 0, 0, -7214.47, -3797, 9.74019, 4.67857, 50, 5, 0, 12000, 5100, 0, 0),
(@CREATURE+198, 779000, 1, 1, 1, 0, 0, -7210.46, -3791.94, 9.46913, 0.790844, 50, 5, 0, 12000, 5100, 0, 0),
(@CREATURE+199, 779000, 1, 1, 1, 0, 0, -7206.64, -3783.5, 8.38346, 4.05811, 50, 5, 0, 12000, 5100, 0, 0),
(@CREATURE+200, 779000, 1, 1, 1, 0, 0, -7188.15, -3794.61, 9.26877, 3.02924, 50, 5, 0, 12000, 5100, 0, 0),
(@CREATURE+201, 779000, 1, 1, 1, 0, 0, -7197.76, -3794.14, 9.75005, 0.292122, 50, 5, 0, 12000, 5100, 0, 0),
(@CREATURE+202, 779000, 1, 1, 1, 0, 0, -7194.06, -3789.22, 9.02693, 5.24407, 50, 5, 0, 12000, 5100, 0, 0),
(@CREATURE+203, 779000, 1, 1, 1, 0, 0, -7197.58, -3785.72, 9.09582, 4.74534, 50, 5, 0, 12000, 5100, 0, 0),
(@CREATURE+204, 779000, 1, 1, 1, 0, 0, -7192.04, -3762.75, 8.91621, 0.146848, 50, 5, 0, 12000, 5100, 0, 0),
(@CREATURE+205, 779000, 1, 1, 1, 0, 0, -7191.61, -3758.99, 8.63483, 3.74005, 50, 5, 0, 12000, 5100, 0, 0),
(@CREATURE+206, 779000, 1, 1, 1, 0, 0, -7202.37, -3768.06, 8.74967, 2.16533, 50, 5, 0, 12000, 5100, 0, 0),
(@CREATURE+207, 779000, 1, 1, 1, 0, 0, -7198.71, -3772.35, 8.53526, 1.44669, 50, 5, 0, 12000, 5100, 0, 0),
(@CREATURE+208, 779000, 1, 1, 1, 0, 0, -7195.17, -3771.71, 8.61006, 4.35659, 50, 5, 0, 12000, 5100, 0, 0),
(@CREATURE+209, 779000, 1, 1, 1, 0, 0, -7193.52, -3767.72, 8.86253, 2.42844, 50, 5, 0, 12000, 5100, 0, 0),
(@CREATURE+210, 779000, 1, 1, 1, 0, 0, -7184,    -3754.46, 8.37066, 2.39466, 50, 5, 0, 12000, 5100, 0, 0),
(@CREATURE+211, 779000, 1, 1, 1, 0, 0, -7158.85, -3819.45, 8.37034, 3.33638, 50, 5, 0, 12300, 5800, 0, 0),
(@CREATURE+212, 779000, 1, 1, 1, 0, 0, -7158.92, -3817.69, 8.37034, 3.32067, 50, 5, 0, 12000, 5100, 0, 0),
(@CREATURE+213, 779000, 1, 1, 1, 0, 0, -7158.32, -3821.12, 8.38764, 3.29711, 50, 5, 0, 12000, 5100, 0, 0),
(@CREATURE+214, 779000, 1, 1, 1, 0, 0, -7156.38, -3820.83, 8.37062, 3.28925, 50, 5, 0, 12150, 5450, 0, 0),
(@CREATURE+215, 779000, 1, 1, 1, 0, 0, -7156.34, -3819.05, 8.37062, 3.28925, 50, 5, 0, 12300, 5800, 0, 0);

DELETE FROM `game_event_creature` WHERE event = 131;
INSERT INTO `game_event_creature` VALUES
(@CREATURE+216, 131),
(@CREATURE+217, 131),
(@CREATURE+218, 131),
(@CREATURE+219, 131);

DELETE FROM `game_event_creature` WHERE event = 130;
INSERT INTO `game_event_creature` VALUES
(@CREATURE+1, 130),
(@CREATURE+2, 130),
(@CREATURE+3, 130),
(@CREATURE+4, 130),
(@CREATURE+5, 130),
(@CREATURE+6, 130),
(@CREATURE+7, 130),
(@CREATURE+8, 130),
(@CREATURE+9, 130),
(@CREATURE+10, 130),
(@CREATURE+11, 130),
(@CREATURE+12, 130),
(@CREATURE+13, 130),
(@CREATURE+14, 130),
(@CREATURE+15, 130),
(@CREATURE+16, 130),
(@CREATURE+17, 130),
(@CREATURE+18, 130),
(@CREATURE+19, 130),
(@CREATURE+20, 130),
(@CREATURE+21, 130),
(@CREATURE+22, 130),
(@CREATURE+23, 130),
(@CREATURE+24, 130),
(@CREATURE+25, 130),
(@CREATURE+26, 130),
(@CREATURE+27, 130),
(@CREATURE+28, 130),
(@CREATURE+29, 130),
(@CREATURE+30, 130),
(@CREATURE+31, 130),
(@CREATURE+32, 130),
(@CREATURE+33, 130),
(@CREATURE+34, 130),
(@CREATURE+35, 130),
(@CREATURE+36, 130),
(@CREATURE+37, 130),
(@CREATURE+38, 130),
(@CREATURE+39, 130),
(@CREATURE+40, 130),
(@CREATURE+41, 130),
(@CREATURE+42, 130),
(@CREATURE+43, 130),
(@CREATURE+44, 130),
(@CREATURE+45, 130),
(@CREATURE+46, 130),
(@CREATURE+47, 130),
(@CREATURE+48, 130),
(@CREATURE+49, 130),
(@CREATURE+50, 130),
(@CREATURE+51, 130),
(@CREATURE+52, 130),
(@CREATURE+53, 130),
(@CREATURE+54, 130),
(@CREATURE+55, 130),
(@CREATURE+56, 130),
(@CREATURE+57, 130),
(@CREATURE+58, 130),
(@CREATURE+59, 130),
(@CREATURE+60, 130),
(@CREATURE+61, 130),
(@CREATURE+63, 130),
(@CREATURE+64, 130),
(@CREATURE+65, 130),
(@CREATURE+66, 130),
(@CREATURE+67, 130),
(@CREATURE+68, 130),
(@CREATURE+69, 130),
(@CREATURE+70, 130),
(@CREATURE+71, 130),
(@CREATURE+72, 130),
(@CREATURE+73, 130),
(@CREATURE+74, 130),
(@CREATURE+75, 130),
(@CREATURE+76, 130),
(@CREATURE+77, 130),
(@CREATURE+78, 130),
(@CREATURE+79, 130),
(@CREATURE+80, 130),
(@CREATURE+81, 130),
(@CREATURE+82, 130),
(@CREATURE+83, 130),
(@CREATURE+84, 130),
(@CREATURE+85, 130),
(@CREATURE+86, 130),
(@CREATURE+87, 130),
(@CREATURE+88, 130),
(@CREATURE+89, 130),
(@CREATURE+90, 130),
(@CREATURE+91, 130),
(@CREATURE+92, 130),
(@CREATURE+93, 130),
(@CREATURE+94, 130),
(@CREATURE+95, 130),
(@CREATURE+96, 130),
(@CREATURE+97, 130),
(@CREATURE+98, 130),
(@CREATURE+99, 130),
(@CREATURE+100, 130),
(@CREATURE+101, 130),
(@CREATURE+102, 130),
(@CREATURE+103, 130),
(@CREATURE+104, 130),
(@CREATURE+105, 130),
(@CREATURE+106, 130),
(@CREATURE+107, 130),
(@CREATURE+108, 130),
(@CREATURE+109, 130),
(@CREATURE+110, 130),
(@CREATURE+111, 130),
(@CREATURE+112, 130),
(@CREATURE+113, 130),
(@CREATURE+114, 130),
(@CREATURE+115, 130),
(@CREATURE+116, 130),
(@CREATURE+117, 130),
(@CREATURE+118, 130),
(@CREATURE+119, 130),
(@CREATURE+120, 130),
(@CREATURE+121, 130),
(@CREATURE+122, 130),
(@CREATURE+123, 130),
(@CREATURE+124, 130),
(@CREATURE+125, 130),
(@CREATURE+126, 130),
(@CREATURE+127, 130),
(@CREATURE+128, 130),
(@CREATURE+129, 130),
(@CREATURE+130, 130),
(@CREATURE+131, 130),
(@CREATURE+132, 130),
(@CREATURE+133, 130),
(@CREATURE+134, 130),
(@CREATURE+135, 130),
(@CREATURE+136, 130),
(@CREATURE+137, 130),
(@CREATURE+138, 130),
(@CREATURE+139, 130),
(@CREATURE+140, 130),
(@CREATURE+141, 130),
(@CREATURE+142, 130),
(@CREATURE+143, 130),
(@CREATURE+144, 130),
(@CREATURE+145, 130),
(@CREATURE+146, 130),
(@CREATURE+147, 130),
(@CREATURE+148, 130),
(@CREATURE+149, 130),
(@CREATURE+150, 130),
(@CREATURE+151, 130),
(@CREATURE+152, 130),
(@CREATURE+153, 130),
(@CREATURE+154, 130),
(@CREATURE+155, 130),
(@CREATURE+156, 130),
(@CREATURE+157, 130),
(@CREATURE+158, 130),
(@CREATURE+159, 130),
(@CREATURE+160, 130),
(@CREATURE+161, 130),
(@CREATURE+162, 130),
(@CREATURE+163, 130),
(@CREATURE+164, 130),
(@CREATURE+165, 130),
(@CREATURE+166, 130),
(@CREATURE+167, 130),
(@CREATURE+168, 130),
(@CREATURE+169, 130),
(@CREATURE+170, 130),
(@CREATURE+171, 130),
(@CREATURE+172, 130),
(@CREATURE+173, 130),
(@CREATURE+174, 130),
(@CREATURE+175, 130),
(@CREATURE+176, 130),
(@CREATURE+177, 130),
(@CREATURE+178, 130),
(@CREATURE+179, 130),
(@CREATURE+180, 130),
(@CREATURE+181, 130),
(@CREATURE+182, 130),
(@CREATURE+183, 130),
(@CREATURE+184, 130),
(@CREATURE+185, 130),
(@CREATURE+186, 130),
(@CREATURE+187, 130),
(@CREATURE+188, 130),
(@CREATURE+189, 130),
(@CREATURE+190, 130),
(@CREATURE+191, 130),
(@CREATURE+192, 130),
(@CREATURE+193, 130),
(@CREATURE+194, 130),
(@CREATURE+195, 130),
(@CREATURE+196, 130),
(@CREATURE+197, 130),
(@CREATURE+198, 130),
(@CREATURE+199, 130),
(@CREATURE+200, 130),
(@CREATURE+201, 130),
(@CREATURE+202, 130),
(@CREATURE+203, 130),
(@CREATURE+204, 130),
(@CREATURE+205, 130),
(@CREATURE+206, 130),
(@CREATURE+207, 130),
(@CREATURE+208, 130),
(@CREATURE+209, 130),
(@CREATURE+210, 130),
(@CREATURE+211, 130),
(@CREATURE+212, 130),
(@CREATURE+213, 130),
(@CREATURE+214, 130),
(@CREATURE+215, 130);